path	sha256	bytes	lines	category	primary_package	shared_packages	planned_depth	review_state	dynamic_requirement	dynamic_state	reviewer	evidence_ref	exclusion_reason
.babelrc	05801bd2f50af68049def8a4cca0f83a99e7afe4990728bc38d5829ef8110e27	341	26	CONFIGURATION	WP14		FULL_CONTENT_AND_CALL_CHAIN	UNREVIEWED	AS_RISK_REQUIRES_AFTER_G0	NOT_RUN			
.env.example	99d5c70ab4d3b8ea208a405bef74f1b795cc213ebeed67092af0be49bf4f1c0a	8039	149	CONFIGURATION	WP01		FULL_CONTENT_AND_CALL_CHAIN	UNREVIEWED	AS_RISK_REQUIRES_AFTER_G0	NOT_RUN			
.eslintrc.cjs	eed2482cf29104583db087a815841b9121c57500487300256799781877c688dd	6367	131	CONFIGURATION	WP14		FULL_CONTENT_AND_CALL_CHAIN	UNREVIEWED	AS_RISK_REQUIRES_AFTER_G0	NOT_RUN			
.github/workflows/guard-client-branch.yml	e428c297420bee7631c3fbbf6e9fc2e777c27e6e207fae705173ad2644d1b78b	1299	36	CONFIGURATION	WP14		FULL_CONTENT_AND_CALL_CHAIN	UNREVIEWED	AS_RISK_REQUIRES_AFTER_G0	NOT_RUN			
.gitignore	2b07043ecc35b3193331d9c1a94441d3bdae8c897bfe7e7428cb7d70c8d9589f	1974	94	CONFIGURATION	WP14		FULL_CONTENT_AND_CALL_CHAIN	UNREVIEWED	AS_RISK_REQUIRES_AFTER_G0	NOT_RUN			
.npmrc	8ca71469ddc9d4a4d5b94d56cdf00830c57515a3bb2b07f4deda7064969e482b	35	2	CONFIGURATION	WP15		FULL_CONTENT_AND_CALL_CHAIN	UNREVIEWED	AS_RISK_REQUIRES_AFTER_G0	NOT_RUN			
.vscode/settings.json	0c097c67a5bf23a71b6d4f3396aa24dc42f763787aa677093370cca31e49b44e	59	5	CONFIGURATION	WP14		FULL_CONTENT_AND_CALL_CHAIN	UNREVIEWED	AS_RISK_REQUIRES_AFTER_G0	NOT_RUN			
README.md	2e8c951afe516eee014017cb73c19019818367ecb64da203ec13ec6aaf4ece13	135118	1506	DOCUMENTATION	WP00		DOCUMENT_CONTRACT_HISTORY_AND_OPERATIONAL_SAFETY	UNREVIEWED	NO_RUNTIME_CHECK_FOR_DOCUMENT_ITSELF	NOT_RUN			
backend/.gitignore	bb1aa666fd6ad90d04ecff9c442ea7fe66d702991388efa2512df1bb723e117f	6	1	CONFIGURATION	WP14		FULL_CONTENT_AND_CALL_CHAIN	UNREVIEWED	AS_RISK_REQUIRES_AFTER_G0	NOT_RUN			
backend/README.md	6e8759fdb69736bca99a5d8939cc851d60b18030abc336256f4eb5697bcec939	9645	201	DOCUMENTATION	WP00		DOCUMENT_CONTRACT_HISTORY_AND_OPERATIONAL_SAFETY	UNREVIEWED	NO_RUNTIME_CHECK_FOR_DOCUMENT_ITSELF	NOT_RUN			
backend/lib/auditLog.js	8bf52c03afe5ddba1470f8a7719855eedfd0ef17e2539d6c806cf85850d21e9b	12926	235	AUTHORED_CODE	WP10	WP02,WP03,WP04,WP07,WP08	FULL_CONTENT_AND_CALL_CHAIN	UNREVIEWED	AS_RISK_REQUIRES_AFTER_G0	NOT_RUN			
backend/lib/auditPrincipal.js	245571d4da985c1723945c0defa15c3bdde3b728594eaafbad2a277a600b4fe2	8302	165	AUTHORED_CODE	WP10	WP02,WP03,WP08	FULL_CONTENT_AND_CALL_CHAIN	UNREVIEWED	AS_RISK_REQUIRES_AFTER_G0	NOT_RUN			
backend/lib/backupErrors.js	654c70b90f0f3b23e14202d639ea2c89c769b073e2e0e424bba9a694f540c476	3836	94	AUTHORED_CODE	WP07		FULL_CONTENT_AND_CALL_CHAIN	UNREVIEWED	AS_RISK_REQUIRES_AFTER_G0	NOT_RUN			
backend/lib/backupJobs.js	dfb7a64ea739b6e5fa5fc501520dad0ec98e6ecddfea47c6836a93ef8673ca23	14828	309	AUTHORED_CODE	WP07		FULL_CONTENT_AND_CALL_CHAIN	UNREVIEWED	AS_RISK_REQUIRES_AFTER_G0	NOT_RUN			
backend/lib/backupKms.js	8120683e619e27c136f830db3347f8f4b8b64270bd8535ebecc1a4c615486be1	7170	187	AUTHORED_CODE	WP07		FULL_CONTENT_AND_CALL_CHAIN	UNREVIEWED	AS_RISK_REQUIRES_AFTER_G0	NOT_RUN			
backend/lib/backupService.js	9a46cc7b7ac0297295d52b4dc39c5d631c31c5ad95fd481e0fc3cc48ec2006f4	35315	706	AUTHORED_CODE	WP07		FULL_CONTENT_AND_CALL_CHAIN	UNREVIEWED	AS_RISK_REQUIRES_AFTER_G0	NOT_RUN			
backend/lib/backupVerify.js	b6661c9fd64f979e8fbe9a00900751b9b5fc9ddc6c42835dcddd3cafea9de7ea	4921	97	AUTHORED_CODE	WP07		FULL_CONTENT_AND_CALL_CHAIN	UNREVIEWED	AS_RISK_REQUIRES_AFTER_G0	NOT_RUN			
backend/lib/conclusionVerdict.js	e4171466696284cbc3644e57987959e2a4da31f73caf9f68d14ecabe1890c86e	11157	217	AUTHORED_CODE	WP05	WP04,WP06	FULL_CONTENT_AND_CALL_CHAIN	UNREVIEWED	AS_RISK_REQUIRES_AFTER_G0	NOT_RUN			
backend/lib/customizationValidate.js	e6c89888e44b172e6820a2bc2c07651aafb6761224e056c5bdff6dd2adada9ea	13422	240	AUTHORED_CODE	WP09		FULL_CONTENT_AND_CALL_CHAIN	UNREVIEWED	AS_RISK_REQUIRES_AFTER_G0	NOT_RUN			
backend/lib/dumpCounts.js	3696dfbddd8b2a31dea694839b011c33fe2729570beb5fc57be9811cc4410d48	4804	117	AUTHORED_CODE	WP07		FULL_CONTENT_AND_CALL_CHAIN	UNREVIEWED	AS_RISK_REQUIRES_AFTER_G0	NOT_RUN			
backend/lib/exportJobs.js	18922f0d6688331b39eb2b84e34e87940c93797d708b687a4480788c3f1bd0f8	16560	365	AUTHORED_CODE	WP06	WP04,WP05,WP07	FULL_CONTENT_AND_CALL_CHAIN	UNREVIEWED	AS_RISK_REQUIRES_AFTER_G0	NOT_RUN			
backend/lib/externalBackupRegistration.js	40b4e1581fb248ddc314f576ad184c277bba43afbdd25d432eefa1b64ad11270	13621	265	AUTHORED_CODE	WP07		FULL_CONTENT_AND_CALL_CHAIN	UNREVIEWED	AS_RISK_REQUIRES_AFTER_G0	NOT_RUN			
backend/lib/fieldOptionSeeds.js	c264ba166e08c3084db0be6f644ae7f0ddb7fcad9550fc071896dfbedcfa6fa1	2156	51	AUTHORED_CODE	WP09		FULL_CONTENT_AND_CALL_CHAIN	UNREVIEWED	AS_RISK_REQUIRES_AFTER_G0	NOT_RUN			
backend/lib/fieldOptionService.js	fe547a5021500a000ae71731ce607863b0384dbaaf5814277655e55d3e40766f	12573	313	AUTHORED_CODE	WP09	WP03,WP08	FULL_CONTENT_AND_CALL_CHAIN	UNREVIEWED	AS_RISK_REQUIRES_AFTER_G0	NOT_RUN			
backend/lib/friendlyLinks.js	bac6d31eeca0b1b5d1882421ebe7035405537ad1f694b08c8a198b8a2306a397	8472	189	AUTHORED_CODE	WP09		FULL_CONTENT_AND_CALL_CHAIN	UNREVIEWED	AS_RISK_REQUIRES_AFTER_G0	NOT_RUN			
backend/lib/jwtSecretConfig.js	9c30d6bbb38c1bc31a16d0228a2ced35f9442f21ce5e2b03f25676eb8cd82655	12768	266	AUTHORED_CODE	WP02	WP01,WP14	FULL_CONTENT_AND_CALL_CHAIN	UNREVIEWED	AS_RISK_REQUIRES_AFTER_G0	NOT_RUN			
backend/lib/jwtSecretResolve.js	530e35edd61d5803612ddafa580e5e102099395afeae7ef0f6f9252930a8ecf8	5985	139	AUTHORED_CODE	WP02		FULL_CONTENT_AND_CALL_CHAIN	UNREVIEWED	AS_RISK_REQUIRES_AFTER_G0	NOT_RUN			
backend/lib/leanMeatCategory.js	4b2dab68856992712de41473834caeb365a0a871ae037baa8ef3ad76e7d2ea1c	1950	33	AUTHORED_CODE	WP05		FULL_CONTENT_AND_CALL_CHAIN	UNREVIEWED	AS_RISK_REQUIRES_AFTER_G0	NOT_RUN			
backend/lib/openApiFieldSchema.js	36cc0e2d3b2b0fc1e183fead3de51829a33ac052f54f03e4e493776b3561c70c	38688	441	AUTHORED_CODE	WP06		FULL_CONTENT_AND_CALL_CHAIN	UNREVIEWED	AS_RISK_REQUIRES_AFTER_G0	NOT_RUN			
backend/lib/openApiGrantIdentity.js	fcb996cf14d92414200ddfe574c643683bdf06db6f16b9abe2f31a4cf76541ff	3537	79	AUTHORED_CODE	WP06		FULL_CONTENT_AND_CALL_CHAIN	UNREVIEWED	AS_RISK_REQUIRES_AFTER_G0	NOT_RUN			
backend/lib/openApiGuide.js	f8c7fc012e8a3d210b61bea3b3c0bb1825a04e98c641afca8298b827a9d13ecb	25974	276	AUTHORED_CODE	WP06		FULL_CONTENT_AND_CALL_CHAIN	UNREVIEWED	AS_RISK_REQUIRES_AFTER_G0	NOT_RUN			
backend/lib/openApiKeys.js	c48b020322dcab9371cf2cdbf80f42f7035dce3b3f447a31f6e6225f4c35a366	3466	97	AUTHORED_CODE	WP06		FULL_CONTENT_AND_CALL_CHAIN	UNREVIEWED	AS_RISK_REQUIRES_AFTER_G0	NOT_RUN			
backend/lib/openApiScope.js	a64c8406fd8d72492f5f3147d1a2fafc20dfa40d039096ba499a2ddba15051c7	20764	442	AUTHORED_CODE	WP06		FULL_CONTENT_AND_CALL_CHAIN	UNREVIEWED	AS_RISK_REQUIRES_AFTER_G0	NOT_RUN			
backend/lib/publicInfraShape.js	88822ad440db25b3369a9135e1f874646ce827d61b8bf84702af3fa9beb3c125	10316	173	AUTHORED_CODE	WP03		FULL_CONTENT_AND_CALL_CHAIN	UNREVIEWED	AS_RISK_REQUIRES_AFTER_G0	NOT_RUN			
backend/lib/readContract.js	9bc5ceccf3c85e6ee631669e1e3d4b392a5566dfef6afd9cb7f79fc04f9f7bc7	6153	129	AUTHORED_CODE	WP04	WP05,WP06	FULL_CONTENT_AND_CALL_CHAIN	UNREVIEWED	AS_RISK_REQUIRES_AFTER_G0	NOT_RUN			
backend/lib/recordNormalize.js	0502a9ddd9d01c724cc55b437ad649bd49071d42db2c0dd5370c804b900bc4c5	23402	487	AUTHORED_CODE	WP04	WP05,WP06	FULL_CONTENT_AND_CALL_CHAIN	UNREVIEWED	AS_RISK_REQUIRES_AFTER_G0	NOT_RUN			
backend/lib/restoreService.js	5ef158f46cc0300ce515a8b8e745f8585684f5114008f49083bf3d6bc5157794	47467	824	AUTHORED_CODE	WP07	WP03,WP08	FULL_CONTENT_AND_CALL_CHAIN	UNREVIEWED	AS_RISK_REQUIRES_AFTER_G0	NOT_RUN			
backend/lib/restoreSqlUtils.js	66a6fd7cff3b4d898f7c76eee454b1735993aa52973c230f9fdf03879d421fa7	12003	228	AUTHORED_CODE	WP07		FULL_CONTENT_AND_CALL_CHAIN	UNREVIEWED	AS_RISK_REQUIRES_AFTER_G0	NOT_RUN			
backend/lib/restoreStagingSql.js	5bfc6c7c954588720ee260f0790a40375d6305d6f5c14e50bd19dd365136e4d7	1801	36	AUTHORED_CODE	WP07		FULL_CONTENT_AND_CALL_CHAIN	UNREVIEWED	AS_RISK_REQUIRES_AFTER_G0	NOT_RUN			
backend/lib/sanitize.js	288c57e39654c22352953e880f3a8111f4fe8f65e69809b3c68f7129060f8e24	1898	51	AUTHORED_CODE	WP04		FULL_CONTENT_AND_CALL_CHAIN	UNREVIEWED	AS_RISK_REQUIRES_AFTER_G0	NOT_RUN			
backend/lib/schemaCompatibility.js	b4d24b65f22ff50723de1f2cf171b21bb708dbf81b7f5751189b7ca6201cc8a9	5319	146	AUTHORED_CODE	WP03		FULL_CONTENT_AND_CALL_CHAIN	UNREVIEWED	AS_RISK_REQUIRES_AFTER_G0	NOT_RUN			
backend/lib/schoolAdminPurge.js	0ba619833e3a17b98c7c08a5c12644008b615fb4f0ad85b6676afd9e7daa5ed8	4094	110	AUTHORED_CODE	WP03		FULL_CONTENT_AND_CALL_CHAIN	UNREVIEWED	AS_RISK_REQUIRES_AFTER_G0	NOT_RUN			
backend/lib/securityAlerts.js	140178805229e6ad77fc9a9915713a695b8f8a5e04f9c28be772dba1881fcfbc	8344	161	AUTHORED_CODE	WP10		FULL_CONTENT_AND_CALL_CHAIN	UNREVIEWED	AS_RISK_REQUIRES_AFTER_G0	NOT_RUN			
backend/lib/securityGuards.js	4bffdccacf5f81ed7bde8ac9111c0c1bb41391afb513643866e22e7b95077149	6844	150	AUTHORED_CODE	WP01		FULL_CONTENT_AND_CALL_CHAIN	UNREVIEWED	AS_RISK_REQUIRES_AFTER_G0	NOT_RUN			
backend/lib/sessionEpoch.js	ed0523658544a285496f74c109aff7216b59015261e67e4a84c4940ab27ac546	15344	304	AUTHORED_CODE	WP02	WP03,WP10	FULL_CONTENT_AND_CALL_CHAIN	UNREVIEWED	AS_RISK_REQUIRES_AFTER_G0	NOT_RUN			
backend/lib/tablewareVerdict.js	5c8c61ef0632fab232f66121982d306d48e4de90ea198c5c6085aa2cf5b47094	5103	82	AUTHORED_CODE	WP05	WP04,WP06	FULL_CONTENT_AND_CALL_CHAIN	UNREVIEWED	AS_RISK_REQUIRES_AFTER_G0	NOT_RUN			
backend/lib/tenantClient.js	039ce4dee89064f2022ee7b0c243484cbc7bb1a62ce63c3a024816a5d016ad61	6158	133	AUTHORED_CODE	WP03	WP02,WP07,WP08	FULL_CONTENT_AND_CALL_CHAIN	UNREVIEWED	AS_RISK_REQUIRES_AFTER_G0	NOT_RUN			
backend/lib/tenantProvisioner.js	117423177dca2a0c9f630696cf0867ce4052fe3909b7e87c537b5d979896b9df	128158	2154	AUTHORED_CODE	WP03	WP08,WP14	FULL_CONTENT_AND_CALL_CHAIN	UNREVIEWED	AS_RISK_REQUIRES_AFTER_G0	NOT_RUN			
backend/lib/tenantSync.js	2fe6d9467a5a3e933730c781f0f682567622d25e2b572d629b561521e91b76aa	44577	703	AUTHORED_CODE	WP03	WP08,WP14	FULL_CONTENT_AND_CALL_CHAIN	UNREVIEWED	AS_RISK_REQUIRES_AFTER_G0	NOT_RUN			
backend/lib/tenantWriteBarrier.js	46d47e4f7e29db37b515676837e0ae9e810ad58dbc01b33e7b1b6e53b156a22c	6776	134	AUTHORED_CODE	WP03	WP01,WP07	FULL_CONTENT_AND_CALL_CHAIN	UNREVIEWED	AS_RISK_REQUIRES_AFTER_G0	NOT_RUN			
backend/lib/testCaseDefs.js	52f02aeef8ef2e8f9f5cda727a6e44d9f5f89cd6dbfc0f2a28f6eea345363932	34552	154	AUTHORED_CODE	WP10		FULL_CONTENT_AND_CALL_CHAIN	UNREVIEWED	AS_RISK_REQUIRES_AFTER_G0	NOT_RUN			
backend/middleware/authMiddleware.js	3741880a2eb27b2ac1526c7f0bad58435c69459a37b9af866c2f4cfc44e0bcd9	36188	702	AUTHORED_CODE	WP02		FULL_CONTENT_AND_CALL_CHAIN	UNREVIEWED	AS_RISK_REQUIRES_AFTER_G0	NOT_RUN			
backend/middleware/idempotencyMiddleware.js	a39e628cd1b79e2eea798491eb0e6cfda64ab544c9b5b498a3008f72dd209fa4	10947	216	AUTHORED_CODE	WP04		FULL_CONTENT_AND_CALL_CHAIN	UNREVIEWED	AS_RISK_REQUIRES_AFTER_G0	NOT_RUN			
backend/middleware/openApiAuth.js	df4f67ca58863ea2a9c0528c1f3257cad27c1b75da94c8ad528d0e22da42db9e	6116	139	AUTHORED_CODE	WP06		FULL_CONTENT_AND_CALL_CHAIN	UNREVIEWED	AS_RISK_REQUIRES_AFTER_G0	NOT_RUN			
backend/middleware/readOnlyMiddleware.js	77c9b21bdbb45d1c307011dda0acb5da3a7045d258a1f8201df54ca25df80e3e	1215	19	AUTHORED_CODE	WP01		FULL_CONTENT_AND_CALL_CHAIN	UNREVIEWED	AS_RISK_REQUIRES_AFTER_G0	NOT_RUN			
backend/middleware/tenantMiddleware.js	57da26b7d95528c2e8bf4416bcc0201b8dcf6a1b9acfbd2be37c8605ab3731de	1051	23	AUTHORED_CODE	WP03		FULL_CONTENT_AND_CALL_CHAIN	UNREVIEWED	AS_RISK_REQUIRES_AFTER_G0	NOT_RUN			
backend/middleware/validationMiddleware.js	ac502a2f908e45a8c711751f21b26eecf5da825c7e03fc7e4b21a5bc0047a78e	11371	430	AUTHORED_CODE	WP01		FULL_CONTENT_AND_CALL_CHAIN	UNREVIEWED	AS_RISK_REQUIRES_AFTER_G0	NOT_RUN			
backend/modules/UserManager.js	7025c3837b31346e85407550e96514157ce49660745c86a86373eb3a857e137b	71796	1693	AUTHORED_CODE	WP02		FULL_CONTENT_AND_CALL_CHAIN	UNREVIEWED	AS_RISK_REQUIRES_AFTER_G0	NOT_RUN			
backend/modules/recognitionQueue.js	a24c918176675c98852a735fa15bd7abe3482e8eadf07f400676dfb0fef3dd41	5885	139	AUTHORED_CODE	WP11		FULL_CONTENT_AND_CALL_CHAIN	UNREVIEWED	AS_RISK_REQUIRES_AFTER_G0	NOT_RUN			
backend/package-lock.json	9241ab5df51a4436046cbdc2100b78d90a90c84ea4f68fd4505b1f4ce7e78d8b	41009	1122	DEPENDENCY_LOCK	WP15		DEPENDENCY_GRAPH_INTEGRITY_AND_LIFECYCLE	UNREVIEWED	OFFICIAL_METADATA_AND_AUTHORIZED_SANDBOX_ONLY	NOT_RUN			
backend/package.json	2232f22497f694ada80955e7284a149bcbfbda0c4d327f838b99aa695312740f	1167	46	CONFIGURATION	WP15	WP01,WP11,WP14	FULL_CONTENT_AND_CALL_CHAIN	UNREVIEWED	AS_RISK_REQUIRES_AFTER_G0	NOT_RUN			
backend/prisma/constraints.sql	5eb5adf66d7c3a99eee3ceb60feef83df1405dd2b945aeabec4d0457247ed60f	2243	59	DATABASE_MODEL_OR_SQL	WP08	WP03,WP14	FULL_CONTENT_AND_CALL_CHAIN	UNREVIEWED	AS_RISK_REQUIRES_AFTER_G0	NOT_RUN			
backend/prisma/dedupe-test-records.js	4aad067cc473ef031a2bbc112ecfae455d1bfb7cb53a630001d3bcf5527c8ad0	4488	185	AUTHORED_CODE	WP08	WP03,WP14	FULL_CONTENT_AND_CALL_CHAIN	UNREVIEWED	AS_RISK_REQUIRES_AFTER_G0	NOT_RUN			
backend/prisma/migrations/20260726000000_baseline/migration.sql	c22a386cc2950e18e1d3b1d47f8cf055371be271b8909fae6413d6b01ba19048	9815	303	DATABASE_MIGRATION	WP08	WP03,WP14	FULL_CONTENT_AND_CALL_CHAIN	UNREVIEWED	AS_RISK_REQUIRES_AFTER_G0	NOT_RUN			
backend/prisma/migrations/20260726100000_add_customization_columns_if_missing/migration.sql	857762e304737690f6ec68f0a86c51a57c4539c5767599864fe48580982ca545	7454	125	DATABASE_MIGRATION	WP08	WP03,WP14	FULL_CONTENT_AND_CALL_CHAIN	UNREVIEWED	AS_RISK_REQUIRES_AFTER_G0	NOT_RUN			
backend/prisma/migrations/20260729000000_add_must_change_password/migration.sql	73745a2640185b1c2e6ce66dc14e435072ad5ee12198e0662c6c59420aba4e36	554	6	DATABASE_MIGRATION	WP08	WP03,WP14	FULL_CONTENT_AND_CALL_CHAIN	UNREVIEWED	AS_RISK_REQUIRES_AFTER_G0	NOT_RUN			
backend/prisma/migrations/20260814000000_remove_backup_model/migration.sql	42b99992bd724d77d9ff2691a06dd83d8222b67d045cc77b8d2ec5886f7c42ca	599	15	DATABASE_MIGRATION	WP08	WP03,WP14	FULL_CONTENT_AND_CALL_CHAIN	UNREVIEWED	AS_RISK_REQUIRES_AFTER_G0	NOT_RUN			
backend/prisma/migrations/20260814020000_unify_school_customization_text/migration.sql	a9ebb76c2d6b8772a60d9fa72d348b1a02c9d86e428d848e6bebb47a54bd8448	2184	25	DATABASE_MIGRATION	WP08	WP03,WP14	FULL_CONTENT_AND_CALL_CHAIN	UNREVIEWED	AS_RISK_REQUIRES_AFTER_G0	NOT_RUN			
backend/prisma/migrations/20260814030000_revert_customization_to_jsonb/migration.sql	a53e2597942da9c94d053ff9da844f0c5c3ff593aa12c2612c342be7edd70ffe	2088	23	DATABASE_MIGRATION	WP08	WP03,WP14	FULL_CONTENT_AND_CALL_CHAIN	UNREVIEWED	AS_RISK_REQUIRES_AFTER_G0	NOT_RUN			
backend/prisma/migrations/20260814040000_json_fields_to_jsonb/migration.sql	da8d6f408529ad849e37db7c70569cd4998fc61670a86bbc34d71c0a07a1772f	3447	67	DATABASE_MIGRATION	WP08	WP03,WP14	FULL_CONTENT_AND_CALL_CHAIN	UNREVIEWED	AS_RISK_REQUIRES_AFTER_G0	NOT_RUN			
backend/prisma/migrations/20260816000000_add_school_short_name_unique/migration.sql	8efb3856c67065abeff11a466fa51b727fb1839443c1070da57d57c35738e46d	952	13	DATABASE_MIGRATION	WP08	WP03,WP14	FULL_CONTENT_AND_CALL_CHAIN	UNREVIEWED	AS_RISK_REQUIRES_AFTER_G0	NOT_RUN			
backend/prisma/migrations/20260825000000_add_frequency_threshold_calendar/migration.sql	c3ef86c51ff8f19ab628401794f75af9e1c9f510ca0f97173dc74ee0609468f6	4008	83	DATABASE_MIGRATION	WP08	WP03,WP14	FULL_CONTENT_AND_CALL_CHAIN	UNREVIEWED	AS_RISK_REQUIRES_AFTER_G0	NOT_RUN			
backend/prisma/migrations/20260825120000_test_report_rewrite/migration.sql	3e4ec2bc57b415ad8889028c7b89cc69302e539f34a902d815b8d616ce0b5325	2810	57	DATABASE_MIGRATION	WP08	WP03,WP14	FULL_CONTENT_AND_CALL_CHAIN	UNREVIEWED	AS_RISK_REQUIRES_AFTER_G0	NOT_RUN			
backend/prisma/migrations/20260915120000_open_api_tables/migration.sql	69d10c487793312e3cbdb01e4883f2457d225958314348221460d01e0433929a	8760	186	DATABASE_MIGRATION	WP08	WP03,WP14	FULL_CONTENT_AND_CALL_CHAIN	UNREVIEWED	AS_RISK_REQUIRES_AFTER_G0	NOT_RUN			
backend/prisma/migrations/20260926120000_public_infra_tenant_migration_locks/migration.sql	68bc29b1ff5eb96cd3f503057b9a4a3550f90b8adb3184fbe7be66ff3e8be2c2	4836	95	DATABASE_MIGRATION	WP08	WP03,WP14	FULL_CONTENT_AND_CALL_CHAIN	UNREVIEWED	AS_RISK_REQUIRES_AFTER_G0	NOT_RUN			
backend/prisma/migrations/20260926120100_public_infra_revoked_tokens/migration.sql	f7adce83353c84de7c696ffe120f588409c49f4e617ca0ca5e6439307bf5d18e	6024	126	DATABASE_MIGRATION	WP08	WP03,WP14	FULL_CONTENT_AND_CALL_CHAIN	UNREVIEWED	AS_RISK_REQUIRES_AFTER_G0	NOT_RUN			
backend/prisma/migrations/20260927120000_public_infra_field_option_self_fk/migration.sql	fa87e3e8f20f6b2b13d0b731948de575e7429accbd78837b26756ae98c2d4674	4194	70	DATABASE_MIGRATION	WP08	WP03,WP14	FULL_CONTENT_AND_CALL_CHAIN	UNREVIEWED	AS_RISK_REQUIRES_AFTER_G0	NOT_RUN			
backend/prisma/migrations/20260927130000_lifecycle_audit_principal_expand/migration.sql	6732adee1005bf527c9b3632618d8df7f3dc6b076b5b4fe822ec3ac6e8c1bda9	6402	97	DATABASE_MIGRATION	WP08	WP03,WP14	FULL_CONTENT_AND_CALL_CHAIN	UNREVIEWED	AS_RISK_REQUIRES_AFTER_G0	NOT_RUN			
backend/prisma/migrations/20260927140000_lifecycle_audit_principal_enforce/migration.sql	ad389937e7a6f63a334e110da8c300befa8694d3b2ee25dbd1fa54f6ea59c1a4	6719	111	DATABASE_MIGRATION	WP08	WP03,WP14	FULL_CONTENT_AND_CALL_CHAIN	UNREVIEWED	AS_RISK_REQUIRES_AFTER_G0	NOT_RUN			
backend/prisma/migrations/20260928120000_friendly_links/migration.sql	d895a2ca8c265912614c634d6fc6cb0e0df425a07398fa3a9c0b8294df57f309	4350	85	DATABASE_MIGRATION	WP08	WP03,WP14	FULL_CONTENT_AND_CALL_CHAIN	UNREVIEWED	AS_RISK_REQUIRES_AFTER_G0	NOT_RUN			
backend/prisma/migrations/migration_lock.toml	99836963713b4f5b269ad49af0ed3d7b0b2e336115c2f92dc9ac683d139d0900	128	3	CONFIGURATION	WP08	WP03,WP14	FULL_CONTENT_AND_CALL_CHAIN	UNREVIEWED	AS_RISK_REQUIRES_AFTER_G0	NOT_RUN			
backend/prisma/provision-tenants.js	a3ad87727e7d511563356833a3c382ed8f33415741c0965aac5601b596b9121c	2739	73	AUTHORED_CODE	WP08	WP03,WP14	FULL_CONTENT_AND_CALL_CHAIN	UNREVIEWED	AS_RISK_REQUIRES_AFTER_G0	NOT_RUN			
backend/prisma/role-audit-trigger.sql	5f1f275b275c98078f2548a25181d298f2205bcaeecedf54c0732cc04e86d60d	4981	96	DATABASE_MODEL_OR_SQL	WP08	WP03,WP14	FULL_CONTENT_AND_CALL_CHAIN	UNREVIEWED	AS_RISK_REQUIRES_AFTER_G0	NOT_RUN			
backend/prisma/schema.prisma	500ac47199ead5972c7c2c21c3185b98eeb33b7982fa0a1736a246c4507dd06c	30083	593	DATABASE_MODEL_OR_SQL	WP08	WP03,WP14	FULL_CONTENT_AND_CALL_CHAIN	UNREVIEWED	AS_RISK_REQUIRES_AFTER_G0	NOT_RUN			
backend/prisma/seed.js	ed50375d617d1e646b69157f17bc6040ae36b50d8429569f87e3a938d6f6acc9	5131	129	AUTHORED_CODE	WP08	WP03,WP14	FULL_CONTENT_AND_CALL_CHAIN	UNREVIEWED	AS_RISK_REQUIRES_AFTER_G0	NOT_RUN			
backend/prisma/syncBootstrapPasswords.js	e3d38dbac70fae3dfc8d6aeb665040234b57069c979cad99de348951308460cf	2494	76	AUTHORED_CODE	WP08	WP03,WP14	FULL_CONTENT_AND_CALL_CHAIN	UNREVIEWED	AS_RISK_REQUIRES_AFTER_G0	NOT_RUN			
backend/routes/adminBackupRoutes.js	bb9905f2e9ee8b97b74614a88fdada579a32f2d9756796ca3b3b2f9316037101	37233	728	AUTHORED_CODE	WP07		FULL_CONTENT_AND_CALL_CHAIN	UNREVIEWED	AS_RISK_REQUIRES_AFTER_G0	NOT_RUN			
backend/routes/adminDiskRoutes.js	ec57af6b17f0b4c681d6b6d768bbe87cdba1881e9cf4a40db2f457304e989f7d	26754	538	AUTHORED_CODE	WP07		FULL_CONTENT_AND_CALL_CHAIN	UNREVIEWED	AS_RISK_REQUIRES_AFTER_G0	NOT_RUN			
backend/routes/adminFriendlyLinkRoutes.js	b841ef8caa85b672a9e6ff2db43d86020fa7899210fbe325423fde40454f9e2b	8600	172	AUTHORED_CODE	WP09		FULL_CONTENT_AND_CALL_CHAIN	UNREVIEWED	AS_RISK_REQUIRES_AFTER_G0	NOT_RUN			
backend/routes/adminOpenApiRoutes.js	34dba7dc362fd748462e4f60d617aed3b4187bc7862ad408e478f183df8295ce	54918	1020	AUTHORED_CODE	WP06		FULL_CONTENT_AND_CALL_CHAIN	UNREVIEWED	AS_RISK_REQUIRES_AFTER_G0	NOT_RUN			
backend/routes/auditRoutes.js	ce34ad92959725ad2c6607b45bfd67d59d2d84f100053a608b22e54d9888cb91	22522	533	AUTHORED_CODE	WP10		FULL_CONTENT_AND_CALL_CHAIN	UNREVIEWED	AS_RISK_REQUIRES_AFTER_G0	NOT_RUN			
backend/routes/feedbackRoutes.js	60c13f278c669ca583692d0bc44546b2ac89373dd7c37bd6d741ff0d12905240	12273	274	AUTHORED_CODE	WP10		FULL_CONTENT_AND_CALL_CHAIN	UNREVIEWED	AS_RISK_REQUIRES_AFTER_G0	NOT_RUN			
backend/routes/frequencyRoutes.js	756f553e7a21a28a4b6d39910adba5ce447b6ba1727df0c8915d82ff7134b45f	14058	315	AUTHORED_CODE	WP05		FULL_CONTENT_AND_CALL_CHAIN	UNREVIEWED	AS_RISK_REQUIRES_AFTER_G0	NOT_RUN			
backend/routes/guestRoutes.js	24d2c5c2dc7ae5727a1416bcee48a5a06ad02b78ce6f4a2a0552f4b6d456784a	12542	262	AUTHORED_CODE	WP02		FULL_CONTENT_AND_CALL_CHAIN	UNREVIEWED	AS_RISK_REQUIRES_AFTER_G0	NOT_RUN			
backend/routes/openApiRoutes.js	ae5d49f7a7d608267ab6d7e89268aede7e333de38e0e6ce2757006c595f1a564	41635	758	AUTHORED_CODE	WP06		FULL_CONTENT_AND_CALL_CHAIN	UNREVIEWED	AS_RISK_REQUIRES_AFTER_G0	NOT_RUN			
backend/routes/publicFriendlyLinkRoutes.js	b6dafe7687c449c3ab245dddea17f50f009c5825a9b7369da1adf51fba949a93	3801	68	AUTHORED_CODE	WP09		FULL_CONTENT_AND_CALL_CHAIN	UNREVIEWED	AS_RISK_REQUIRES_AFTER_G0	NOT_RUN			
backend/routes/recognitionRoutes.js	bdbec60c5dc64c4ade3c223b2f3d098dfa2a3638840ba0d0161cfd76ae673aff	3336	72	AUTHORED_CODE	WP11		FULL_CONTENT_AND_CALL_CHAIN	UNREVIEWED	AS_RISK_REQUIRES_AFTER_G0	NOT_RUN			
backend/routes/recordRoutes.js	a1d69ad7f7c7f2af11b8f55f6f7c4d8ed3a747a29147f165a1aabf1fd10e3b5d	68847	1269	AUTHORED_CODE	WP04	WP02,WP05,WP06,WP10	FULL_CONTENT_AND_CALL_CHAIN	UNREVIEWED	AS_RISK_REQUIRES_AFTER_G0	NOT_RUN			
backend/routes/schoolBackupRoutes.js	e8e259d98ebf340a4f8727eb372aaf0599f74abb6dce0c6dbfd73e12ef01e42c	17907	407	AUTHORED_CODE	WP07		FULL_CONTENT_AND_CALL_CHAIN	UNREVIEWED	AS_RISK_REQUIRES_AFTER_G0	NOT_RUN			
backend/routes/schoolRoutes.js	db6b4f84f66c017c1d4eacbf04518d6326776416c376d4fe2ef258c0bbd788b2	69747	1247	AUTHORED_CODE	WP03	WP02,WP08,WP09,WP10	FULL_CONTENT_AND_CALL_CHAIN	UNREVIEWED	AS_RISK_REQUIRES_AFTER_G0	NOT_RUN			
backend/routes/sessionRoutes.js	78ff0070baa4c8dd13765d98d86a728adda174d2419ded9b98bdaaf2f991f9c5	5708	143	AUTHORED_CODE	WP02		FULL_CONTENT_AND_CALL_CHAIN	UNREVIEWED	AS_RISK_REQUIRES_AFTER_G0	NOT_RUN			
backend/routes/syncRoutes.js	c8bdb686d757adcfef4d0161978c48d609c3a07662cc46c93c2c9b75bb529478	21409	379	AUTHORED_CODE	WP04	WP02,WP05,WP06,WP10	FULL_CONTENT_AND_CALL_CHAIN	UNREVIEWED	AS_RISK_REQUIRES_AFTER_G0	NOT_RUN			
backend/routes/testResultRoutes.js	f5b15aa5fb49f032efdf7c6e2a280d71bdad1d64b645dc8db5dc06d7fb30697a	25375	490	AUTHORED_CODE	WP10		FULL_CONTENT_AND_CALL_CHAIN	UNREVIEWED	AS_RISK_REQUIRES_AFTER_G0	NOT_RUN			
backend/routes/userRoutes.js	88f55216383df4a225f08b05f80606a0889cdb58e179b40cb547ef12a9a78c15	38280	759	AUTHORED_CODE	WP02		FULL_CONTENT_AND_CALL_CHAIN	UNREVIEWED	AS_RISK_REQUIRES_AFTER_G0	NOT_RUN			
backend/scripts/003_backup-now.mjs	f5b7d0feee503a22312b28f7152bb2c25fe9d2880bf47af2c9d5827a9c9c7b91	3400	77	BUILD_DEPLOY_OR_OPS_SCRIPT	WP14	WP07	FULL_CONTENT_AND_CALL_CHAIN	UNREVIEWED	AS_RISK_REQUIRES_AFTER_G0	NOT_RUN			
backend/scripts/004_backfill_audit_principals.mjs	b3f862d994eede444e288f3fcd8b48f1dc748d8432c866a335bd4c187915378f	29672	486	BUILD_DEPLOY_OR_OPS_SCRIPT	WP14	WP08,WP10	FULL_CONTENT_AND_CALL_CHAIN	UNREVIEWED	AS_RISK_REQUIRES_AFTER_G0	NOT_RUN			
backend/scripts/004_backup-verify.mjs	e0cfbe33787c9e80f18270bd4162adaa36eb0e087c7731227adffab9bd233c72	1799	42	BUILD_DEPLOY_OR_OPS_SCRIPT	WP14	WP07	FULL_CONTENT_AND_CALL_CHAIN	UNREVIEWED	AS_RISK_REQUIRES_AFTER_G0	NOT_RUN			
backend/scripts/005_cleanup-old-schemas.mjs	0fb5673a900db3b017e2c23d14a5591b3e1698a4759ca662516e92bdbbb0f427	6179	139	BUILD_DEPLOY_OR_OPS_SCRIPT	WP14	WP03,WP08	FULL_CONTENT_AND_CALL_CHAIN	UNREVIEWED	AS_RISK_REQUIRES_AFTER_G0	NOT_RUN			
backend/scripts/006_audit_principal_gate.mjs	b02ff0782178a5d578e7347eaa1f2cd9ccb38c786e599306666fd906da110ff6	7034	95	BUILD_DEPLOY_OR_OPS_SCRIPT	WP14	WP08,WP10	FULL_CONTENT_AND_CALL_CHAIN	UNREVIEWED	AS_RISK_REQUIRES_AFTER_G0	NOT_RUN			
backend/scripts/006_register-external-backup.mjs	03b2a4d201f8254cad2aaa6862c006d583ded5792d4620bee4acae64ea48eddb	4090	89	BUILD_DEPLOY_OR_OPS_SCRIPT	WP14	WP07	FULL_CONTENT_AND_CALL_CHAIN	UNREVIEWED	AS_RISK_REQUIRES_AFTER_G0	NOT_RUN			
backend/scripts/README.md	781c9c174abd87af605fbdc15494bc4393d1df811532648cd5c36c5100d41b55	4927	100	DOCUMENTATION	WP14		DOCUMENT_CONTRACT_HISTORY_AND_OPERATIONAL_SAFETY	UNREVIEWED	NO_RUNTIME_CHECK_FOR_DOCUMENT_ITSELF	NOT_RUN			
backend/scripts/b-release-two-phase.sh	a2f9342c9b4cbf4e618121a125dd2298ce505e3cffc7cb0268cbaa1f41bcdf10	3425	82	BUILD_DEPLOY_OR_OPS_SCRIPT	WP14	WP03,WP08	FULL_CONTENT_AND_CALL_CHAIN	UNREVIEWED	AS_RISK_REQUIRES_AFTER_G0	NOT_RUN			
backend/scripts/backup-delete.mjs	3d2d2688b3d74c4aaf7d3687abe654020200662f0ce539d21ef22ffbd32ba4b5	4198	117	BUILD_DEPLOY_OR_OPS_SCRIPT	WP14	WP07	FULL_CONTENT_AND_CALL_CHAIN	UNREVIEWED	AS_RISK_REQUIRES_AFTER_G0	NOT_RUN			
backend/scripts/check-tableware-consistency.mjs	7e05ae23f08287a9f59e97fccf4d59b5cbd4119f73840ed0e7e8e94b4147a45a	3269	64	BUILD_DEPLOY_OR_OPS_SCRIPT	WP14		FULL_CONTENT_AND_CALL_CHAIN	UNREVIEWED	AS_RISK_REQUIRES_AFTER_G0	NOT_RUN			
backend/scripts/diag-aruco.mjs	45e27bb34fed2e4a0cd68562390ee025641f8ff7dc57454da9676142cf16eda2	2189	57	BUILD_DEPLOY_OR_OPS_SCRIPT	WP14	WP11	FULL_CONTENT_AND_CALL_CHAIN	UNREVIEWED	AS_RISK_REQUIRES_AFTER_G0	NOT_RUN			
backend/scripts/diag-perid.mjs	2685c7950e317a7f891703fc56efc2475f004062998f70d1a7d573c993807303	1658	40	BUILD_DEPLOY_OR_OPS_SCRIPT	WP14	WP11	FULL_CONTENT_AND_CALL_CHAIN	UNREVIEWED	AS_RISK_REQUIRES_AFTER_G0	NOT_RUN			
backend/scripts/e2e-write-verify.mjs	c057d859183b5a0f9f7582ca0b6938dd131bf9937748833c20ce432aedc9e8cc	6762	125	BUILD_DEPLOY_OR_OPS_SCRIPT	WP14		FULL_CONTENT_AND_CALL_CHAIN	UNREVIEWED	AS_RISK_REQUIRES_AFTER_G0	NOT_RUN			
backend/scripts/fix-canteen-from-location.mjs	c1f138e31ac99d906c7ae690b942b63b63ff73317d332e998936145fc63b6c91	4909	122	BUILD_DEPLOY_OR_OPS_SCRIPT	WP14		FULL_CONTENT_AND_CALL_CHAIN	UNREVIEWED	AS_RISK_REQUIRES_AFTER_G0	NOT_RUN			
backend/scripts/import-backup-local.mjs	2af12c007f3470290d0b0a465afb10bbe183e822fec6f64f7a174c6788ec903c	4838	131	BUILD_DEPLOY_OR_OPS_SCRIPT	WP14	WP03,WP07,WP08	FULL_CONTENT_AND_CALL_CHAIN	UNREVIEWED	AS_RISK_REQUIRES_AFTER_G0	NOT_RUN			
backend/scripts/import-tjb-backup.mjs	095d18317f2f20ae66f9e6c87f1ff96f8de9082e010cb93361383e7d469bf96c	9510	207	BUILD_DEPLOY_OR_OPS_SCRIPT	WP14	WP03,WP07,WP08	FULL_CONTENT_AND_CALL_CHAIN	UNREVIEWED	AS_RISK_REQUIRES_AFTER_G0	NOT_RUN			
backend/scripts/import-tjb-sqlite.mjs	7fc4fe0facf3d387794f7a1844331e26a20a259a8f86b5163535499b590e8656	8693	198	BUILD_DEPLOY_OR_OPS_SCRIPT	WP14	WP03,WP08	FULL_CONTENT_AND_CALL_CHAIN	UNREVIEWED	AS_RISK_REQUIRES_AFTER_G0	NOT_RUN			
backend/scripts/import-zhyz-backup.mjs	ee4aad79e3c271cf08dd233c62a3851a85b2bf3c2a92d19d4a3498e61ddb0825	8346	188	BUILD_DEPLOY_OR_OPS_SCRIPT	WP14	WP03,WP07,WP08	FULL_CONTENT_AND_CALL_CHAIN	UNREVIEWED	AS_RISK_REQUIRES_AFTER_G0	NOT_RUN			
backend/scripts/validate-jwt-secrets.mjs	0b2808fd23b7c2fd1628793ae25865c6a93b7b8c821f79c1903e2b47f3995601	5658	116	BUILD_DEPLOY_OR_OPS_SCRIPT	WP14	WP02	FULL_CONTENT_AND_CALL_CHAIN	UNREVIEWED	AS_RISK_REQUIRES_AFTER_G0	NOT_RUN			
backend/scripts/verify-backend.mjs	6f72fd44f26666db2bb2e96d2d9058bba778a2aecf4b149a7a8a80180f95aa59	1798	36	BUILD_DEPLOY_OR_OPS_SCRIPT	WP14		FULL_CONTENT_AND_CALL_CHAIN	UNREVIEWED	AS_RISK_REQUIRES_AFTER_G0	NOT_RUN			
backend/scripts/verify-grid-full.mjs	cfa83a2f4692705c589dc33983f8ef4dc0464c8c9911166b924ae6ef1d25ae1e	2657	60	BUILD_DEPLOY_OR_OPS_SCRIPT	WP14	WP11	FULL_CONTENT_AND_CALL_CHAIN	UNREVIEWED	AS_RISK_REQUIRES_AFTER_G0	NOT_RUN			
backend/scripts/verify-grid-v2.mjs	f391ce7cef5aab8bb0b363a4d20eb222df1ac7a509470722e4ed5676ca3c797e	3984	82	BUILD_DEPLOY_OR_OPS_SCRIPT	WP14	WP11	FULL_CONTENT_AND_CALL_CHAIN	UNREVIEWED	AS_RISK_REQUIRES_AFTER_G0	NOT_RUN			
backend/scripts/verify-grid.mjs	9deaea11cef93434b703df3057a8157d87160fea0613e2880ac14f350b9b9b10	6483	123	BUILD_DEPLOY_OR_OPS_SCRIPT	WP14	WP11	FULL_CONTENT_AND_CALL_CHAIN	UNREVIEWED	AS_RISK_REQUIRES_AFTER_G0	NOT_RUN			
backend/scripts/verify-manual.mjs	edc5d8f956888cb95fb0cdc9519654c3bf1124fbd433a6aca1f0940022211d5f	2154	48	BUILD_DEPLOY_OR_OPS_SCRIPT	WP14	WP11	FULL_CONTENT_AND_CALL_CHAIN	UNREVIEWED	AS_RISK_REQUIRES_AFTER_G0	NOT_RUN			
backend/scripts/verify-marker.mjs	196ac4a2ee3bb191ce3b08d9911f46d2345d290de720c37b8cd5d8be4a0ec6a1	2507	71	BUILD_DEPLOY_OR_OPS_SCRIPT	WP14	WP11	FULL_CONTENT_AND_CALL_CHAIN	UNREVIEWED	AS_RISK_REQUIRES_AFTER_G0	NOT_RUN			
backend/scripts/verify-opencv.mjs	63314d3e2fd12d3ff029987fa76d6675738170fba6ad6862f0a69cad3d2a9611	2263	57	BUILD_DEPLOY_OR_OPS_SCRIPT	WP14	WP11	FULL_CONTENT_AND_CALL_CHAIN	UNREVIEWED	AS_RISK_REQUIRES_AFTER_G0	NOT_RUN			
backend/scripts/verify-recognize.mjs	a2c33fe985518d0dd8769c97632cb47ec04545d7ea95fe5c755227ac3685cc3f	4274	104	BUILD_DEPLOY_OR_OPS_SCRIPT	WP14	WP11	FULL_CONTENT_AND_CALL_CHAIN	UNREVIEWED	AS_RISK_REQUIRES_AFTER_G0	NOT_RUN			
backend/server.js	c4038f755f331e06ed47e0ccd393b4cf681ff6d2775074a2a797fe5460b88d0f	38435	666	AUTHORED_CODE	WP01	WP02,WP03,WP06,WP07,WP10,WP11,WP14	FULL_CONTENT_AND_CALL_CHAIN	UNREVIEWED	AS_RISK_REQUIRES_AFTER_G0	NOT_RUN			
backend/sync-tenant-schemas.mjs	2114df72363235048c8e8c8c657ce7e0e6f02545e03ed2802f7926d6cccf586e	23345	328	AUTHORED_CODE	WP03		FULL_CONTENT_AND_CALL_CHAIN	UNREVIEWED	AS_RISK_REQUIRES_AFTER_G0	NOT_RUN			
backend/tests/_isolation.mjs	55283c125173c28bcbf2dcdb05265a52f86b81029fb2eca2d07ce75caf4ddeab	5389	102	TEST_AND_FIXTURE	WP13		FULL_CONTENT_AND_CALL_CHAIN	UNREVIEWED	AS_RISK_REQUIRES_AFTER_G0	NOT_RUN			
backend/tests/backup/_w3-harness.mjs	a54b318d0cd8130ebea7f8813af3e65e330cebba50d4669bafc70093c4ef90e8	8481	150	TEST_AND_FIXTURE	WP13	WP03,WP07	FULL_CONTENT_AND_CALL_CHAIN	UNREVIEWED	AS_RISK_REQUIRES_AFTER_G0	NOT_RUN			
backend/tests/backup/w3-backup-artifact.integration.test.mjs	6104b0d125d9a82da917f99b3bfc70327da337af35d248dca3b7f1b734d3cbe8	10126	195	TEST_AND_FIXTURE	WP13	WP07	FULL_CONTENT_AND_CALL_CHAIN	UNREVIEWED	AS_RISK_REQUIRES_AFTER_G0	NOT_RUN			
backend/tests/backup/w3-engine-units.test.mjs	7c21e05bdd2bbc079c7f8769cd578e590e680f27658c488e93bc2141b44a18df	13858	288	TEST_AND_FIXTURE	WP13	WP07	FULL_CONTENT_AND_CALL_CHAIN	UNREVIEWED	AS_RISK_REQUIRES_AFTER_G0	NOT_RUN			
backend/tests/backup/w3-grant-replay.integration.test.mjs	4f4e8c48cf50cd65873b1d9c2fc9588dfd48a7566f0ec6143de9e3cbac05340c	12621	193	TEST_AND_FIXTURE	WP13	WP07	FULL_CONTENT_AND_CALL_CHAIN	UNREVIEWED	AS_RISK_REQUIRES_AFTER_G0	NOT_RUN			
backend/tests/backup/w3-instance-fixture.mjs	e01e0bb936b1def2ed06773636919164401cd94e5974b1fa6e60d17746ef7e13	7934	152	TEST_AND_FIXTURE	WP13	WP03,WP07	FULL_CONTENT_AND_CALL_CHAIN	UNREVIEWED	AS_RISK_REQUIRES_AFTER_G0	NOT_RUN			
backend/tests/backup/w3-restore-state-machine.integration.test.mjs	b2ed4933a576f3632318e4064c5463e74747efaf6a76e1d18040c4d7361a03a2	21270	346	TEST_AND_FIXTURE	WP13	WP07	FULL_CONTENT_AND_CALL_CHAIN	UNREVIEWED	AS_RISK_REQUIRES_AFTER_G0	NOT_RUN			
backend/tests/backup/w3r2-acl-grant-option.integration.test.mjs	34ab792ebe1d571dee4441621290b7ab619bcddcf7c273ce1e36c2e57547b1b5	13390	219	TEST_AND_FIXTURE	WP13	WP07	FULL_CONTENT_AND_CALL_CHAIN	UNREVIEWED	AS_RISK_REQUIRES_AFTER_G0	NOT_RUN			
backend/tests/backup/w3r2cross-register-external.pg.integration.test.mjs	b391d33cdce1af681991669197bc44ebe4c1d18374c8de6951d4f188f484525a	11800	197	TEST_AND_FIXTURE	WP13	WP07	FULL_CONTENT_AND_CALL_CHAIN	UNREVIEWED	AS_RISK_REQUIRES_AFTER_G0	NOT_RUN			
backend/tests/backup/w3r2cross-register-external.unit.test.mjs	94f63ab20e1c2a86b7dcf346c4eca993dc015dcd851846e9f35e15c0cefa1304	14115	303	TEST_AND_FIXTURE	WP13	WP07	FULL_CONTENT_AND_CALL_CHAIN	UNREVIEWED	AS_RISK_REQUIRES_AFTER_G0	NOT_RUN			
backend/tests/friendly-links/friendlyLinkRoutes.unit.test.mjs	0b6208f28073dd87205750013b9890ee50dc1505797160b195c5c8a392d7e8dd	20863	364	TEST_AND_FIXTURE	WP13	WP09	FULL_CONTENT_AND_CALL_CHAIN	UNREVIEWED	AS_RISK_REQUIRES_AFTER_G0	NOT_RUN			
backend/tests/harness-check/_prepare-migrated-instance.mjs	7ad824a22372ec0504d13b0e508f9288b3961588c9d0bbda8a7e9cef74682b75	14854	238	TEST_AND_FIXTURE	WP13	WP03,WP08	FULL_CONTENT_AND_CALL_CHAIN	UNREVIEWED	AS_RISK_REQUIRES_AFTER_G0	NOT_RUN			
backend/tests/harness-check/revocation-contract.unit.test.cjs	17cc8e781fcd90d1b2dc042b7a93a5cb5b089a6a411c49506f04223d14952d3c	6286	105	TEST_AND_FIXTURE	WP13	WP02,WP03	FULL_CONTENT_AND_CALL_CHAIN	UNREVIEWED	AS_RISK_REQUIRES_AFTER_G0	NOT_RUN			
backend/tests/http/internal-write-http.integration.test.mjs	ab9417f759e43012cf032f746b2b6f6d9ded4b31224f761aacdf9d348c5bc9d9	20585	344	TEST_AND_FIXTURE	WP13		FULL_CONTENT_AND_CALL_CHAIN	UNREVIEWED	AS_RISK_REQUIRES_AFTER_G0	NOT_RUN			
backend/tests/http/openapi-http.integration.test.mjs	7346cd83f796bfa45f90544d5e13a402aa2b1b0e560ab43025e26f92854d2b9c	24978	423	TEST_AND_FIXTURE	WP13	WP06	FULL_CONTENT_AND_CALL_CHAIN	UNREVIEWED	AS_RISK_REQUIRES_AFTER_G0	NOT_RUN			
backend/tests/lifecycle/a-matrix.mjs	7669d958847ad9db79f1d2a831a7364c1d45a789791f98a49c68d81a893e59ad	23680	267	TEST_AND_FIXTURE	WP13	WP03,WP08	FULL_CONTENT_AND_CALL_CHAIN	UNREVIEWED	AS_RISK_REQUIRES_AFTER_G0	NOT_RUN			
backend/tests/lifecycle/b-matrix.mjs	822434454b061c870b0004a1c38c340770bacdaa5c5d99b2a59b56b677d119e9	24987	288	TEST_AND_FIXTURE	WP13	WP03,WP08	FULL_CONTENT_AND_CALL_CHAIN	UNREVIEWED	AS_RISK_REQUIRES_AFTER_G0	NOT_RUN			
backend/tests/lifecycle/r13-release-gate.test.mjs	a1e32443ff9bd9188a30b0008d7a1a5c11cb44264243521d76ddacdb5260074b	5564	122	TEST_AND_FIXTURE	WP13	WP03,WP08,WP14	FULL_CONTENT_AND_CALL_CHAIN	UNREVIEWED	AS_RISK_REQUIRES_AFTER_G0	NOT_RUN			
backend/tests/lifecycle/r4-rework.mjs	693877e9985c2b4d40670300d797c7c408cb1f7c109da915d5613382946a1f54	26483	314	TEST_AND_FIXTURE	WP13	WP03,WP08	FULL_CONTENT_AND_CALL_CHAIN	UNREVIEWED	AS_RISK_REQUIRES_AFTER_G0	NOT_RUN			
backend/tests/lifecycle/r5-rework.mjs	e6ec2e1e9a8aacd31ce8f0e43482a18d76dee567a9b88d383dda50c2e9070317	19174	236	TEST_AND_FIXTURE	WP13	WP03,WP08	FULL_CONTENT_AND_CALL_CHAIN	UNREVIEWED	AS_RISK_REQUIRES_AFTER_G0	NOT_RUN			
backend/tests/lifecycle/r6-rework.mjs	3ed9101cfb385a8fef748bde81808927188a3a349c789f909c07eda9c9fcb6e6	15784	214	TEST_AND_FIXTURE	WP13	WP03,WP08	FULL_CONTENT_AND_CALL_CHAIN	UNREVIEWED	AS_RISK_REQUIRES_AFTER_G0	NOT_RUN			
backend/tests/lifecycle/schema-switch.mjs	12655c979a3e8fa06fee9370d1ecb0134d3f5cf58aa639bb2478b5aec61a9572	2417	42	TEST_AND_FIXTURE	WP13	WP03,WP08	FULL_CONTENT_AND_CALL_CHAIN	UNREVIEWED	AS_RISK_REQUIRES_AFTER_G0	NOT_RUN			
backend/tests/lifecycle/setup-tenant-a.mjs	ea43113270125b356ab1eb273befdb1fcd4ddef2ed784a68ced70c4dfcddc5bc	1851	28	TEST_AND_FIXTURE	WP13	WP03,WP08	FULL_CONTENT_AND_CALL_CHAIN	UNREVIEWED	AS_RISK_REQUIRES_AFTER_G0	NOT_RUN			
backend/tests/openapi/admin-guide-render.test.mjs	e869dfc2564519238e905ab24acf2343293823c8d059f8d9a30f8a214574f451	4596	80	TEST_AND_FIXTURE	WP13	WP06	FULL_CONTENT_AND_CALL_CHAIN	UNREVIEWED	AS_RISK_REQUIRES_AFTER_G0	NOT_RUN			
backend/tests/openapi/contract.test.mjs	25290897f68277819e1f3fc4dfa09aa7a7003657a635e1b678d6036652710267	21052	347	TEST_AND_FIXTURE	WP13	WP06	FULL_CONTENT_AND_CALL_CHAIN	UNREVIEWED	AS_RISK_REQUIRES_AFTER_G0	NOT_RUN			
backend/tests/openapi/db-readonly-checks.mjs	e68cd783c69a071b80d152f0ae9be0427e2d5091aa0a40b920784b373c7f3479	14060	254	TEST_AND_FIXTURE	WP13	WP06	FULL_CONTENT_AND_CALL_CHAIN	UNREVIEWED	AS_RISK_REQUIRES_AFTER_G0	NOT_RUN			
backend/tests/openapi/f6-upgrade.test.mjs	12b4bba009449d10b9a457997253b940699492012dd9b1170ce9c072546f512c	10535	172	TEST_AND_FIXTURE	WP13	WP06,WP08	FULL_CONTENT_AND_CALL_CHAIN	UNREVIEWED	AS_RISK_REQUIRES_AFTER_G0	NOT_RUN			
backend/tests/openapi/package-contract.test.mjs	d82acc36e1cf555a46036515701f1d8d3c05a9bdfeb16726fc3a597b64c530e1	27722	475	TEST_AND_FIXTURE	WP13	WP06	FULL_CONTENT_AND_CALL_CHAIN	UNREVIEWED	AS_RISK_REQUIRES_AFTER_G0	NOT_RUN			
backend/tests/openapi/projection-contract.test.mjs	fb2b29262be51e1b8d2c24dc6d3d08aa6992c72956d6b019f68a954d0c3df462	8949	158	TEST_AND_FIXTURE	WP13	WP06	FULL_CONTENT_AND_CALL_CHAIN	UNREVIEWED	AS_RISK_REQUIRES_AFTER_G0	NOT_RUN			
backend/tests/openapi/sample-schema-conformance.test.mjs	15fe09b021a047720649d479702d1130e54dcf047a67b80981270357709cbe0e	11708	203	TEST_AND_FIXTURE	WP13	WP06	FULL_CONTENT_AND_CALL_CHAIN	UNREVIEWED	AS_RISK_REQUIRES_AFTER_G0	NOT_RUN			
backend/tests/openapi/stats-date.integration.test.mjs	17c46c6faaf99cd03b9344f14f80164dfedd8e2049e9fa4853ff02c3782783e9	26172	432	TEST_AND_FIXTURE	WP13	WP06	FULL_CONTENT_AND_CALL_CHAIN	UNREVIEWED	AS_RISK_REQUIRES_AFTER_G0	NOT_RUN			
backend/tests/openapi/sync-client.test.mjs	f659790b4894d6af8033fc8971f9ce68abb0a7333873d9c4ff961f8fc7743748	14714	278	TEST_AND_FIXTURE	WP13	WP04,WP06	FULL_CONTENT_AND_CALL_CHAIN	UNREVIEWED	AS_RISK_REQUIRES_AFTER_G0	NOT_RUN			
backend/tests/records/aud002-idempotency-scope.integration.test.mjs	dfd016758ce6db24edea0b067c77d3c360f6df45dd7214422040d3e54e8aee01	14540	263	TEST_AND_FIXTURE	WP13	WP04	FULL_CONTENT_AND_CALL_CHAIN	UNREVIEWED	AS_RISK_REQUIRES_AFTER_G0	NOT_RUN			
backend/tests/records/aud020-read-export.integration.test.mjs	4068bd2ad53c1d3c54fdc718d9a62d4404dcef27b938232d0c987d43f44fb2ac	23469	437	TEST_AND_FIXTURE	WP13	WP04,WP06	FULL_CONTENT_AND_CALL_CHAIN	UNREVIEWED	AS_RISK_REQUIRES_AFTER_G0	NOT_RUN			
backend/tests/records/db-integration.test.mjs	c682f46cec6871b6d6d7ec5fb1dcaea27fd08d4ba5e36c6de5d3e2fd3836ca2a	12864	215	TEST_AND_FIXTURE	WP13	WP04	FULL_CONTENT_AND_CALL_CHAIN	UNREVIEWED	AS_RISK_REQUIRES_AFTER_G0	NOT_RUN			
backend/tests/records/isolation-gate.test.mjs	42f122f0e38186042bf4162c69617c6bdcc78e0f399669507c786fe62f132dcd	7903	167	TEST_AND_FIXTURE	WP13	WP04	FULL_CONTENT_AND_CALL_CHAIN	UNREVIEWED	AS_RISK_REQUIRES_AFTER_G0	NOT_RUN			
backend/tests/records/partial-update.integration.test.mjs	9e670ab77d7511030f6eb504afc6f7cc307d8afa6b20988e0fa6b2e29dd3e150	21863	369	TEST_AND_FIXTURE	WP13	WP04	FULL_CONTENT_AND_CALL_CHAIN	UNREVIEWED	AS_RISK_REQUIRES_AFTER_G0	NOT_RUN			
backend/tests/records/record-normalize.test.mjs	b1e74a09a2a04fa5b53fd6f95b881e9b05d73dca662d563d1587f1a1df7a1750	12648	234	TEST_AND_FIXTURE	WP13	WP04	FULL_CONTENT_AND_CALL_CHAIN	UNREVIEWED	AS_RISK_REQUIRES_AFTER_G0	NOT_RUN			
backend/tests/records/route-write-paths.test.mjs	498ca29b855be7fecf341246a1e07ccb8898bfcf2a07e060028b448ddefc915e	18573	359	TEST_AND_FIXTURE	WP13	WP04	FULL_CONTENT_AND_CALL_CHAIN	UNREVIEWED	AS_RISK_REQUIRES_AFTER_G0	NOT_RUN			
backend/tests/records/stats-verdict.integration.test.mjs	304ade6285a0fe9464ebde353bb20b132f8eee5a5df6c482e0e762bfe1574f9a	11367	182	TEST_AND_FIXTURE	WP13	WP04,WP05	FULL_CONTENT_AND_CALL_CHAIN	UNREVIEWED	AS_RISK_REQUIRES_AFTER_G0	NOT_RUN			
backend/tests/records/tableware-verdict.test.mjs	0c015e56b54ce4ea6053ae6bce7462f7620466bbc9d0edb354bfbc06cdcc7d76	7000	103	TEST_AND_FIXTURE	WP13	WP04,WP05	FULL_CONTENT_AND_CALL_CHAIN	UNREVIEWED	AS_RISK_REQUIRES_AFTER_G0	NOT_RUN			
backend/tests/report-auth/_report-auth-harness.mjs	20209c0249f3a5bceae26fa49eb9d6a0c70184ec5b4ac595011312c75fdaf0b8	11923	241	TEST_AND_FIXTURE	WP13	WP02,WP03,WP10	FULL_CONTENT_AND_CALL_CHAIN	UNREVIEWED	AS_RISK_REQUIRES_AFTER_G0	NOT_RUN			
backend/tests/report-auth/report-auth-fixture.mjs	72c37936c58d8b888b3c57777dad533114895c3fded1d4a071666b30577f4f06	29476	451	TEST_AND_FIXTURE	WP13	WP02,WP03,WP10	FULL_CONTENT_AND_CALL_CHAIN	UNREVIEWED	AS_RISK_REQUIRES_AFTER_G0	NOT_RUN			
backend/tests/report-auth/report-auth-matrix.integration.test.mjs	05894f604c81653e52c54e7a60aaf856f0e0f76d53674e5042b241a01fab491d	26492	442	TEST_AND_FIXTURE	WP13	WP02,WP10	FULL_CONTENT_AND_CALL_CHAIN	UNREVIEWED	AS_RISK_REQUIRES_AFTER_G0	NOT_RUN			
backend/tests/security/deploy-distribution-lifecycle.test.sh	a4c85625c541d3751ee368bd7067ffa157e9a6fb655ef17d0df6298d87c63ae8	9631	192	TEST_AND_FIXTURE	WP13	WP03,WP08,WP14	FULL_CONTENT_AND_CALL_CHAIN	UNREVIEWED	AS_RISK_REQUIRES_AFTER_G0	NOT_RUN			
backend/tests/security/deploy-env-fault-injection.test.sh	36e24a94ffd9213bb114b968445742904eda803796afd63017dce63658f55817	26501	461	TEST_AND_FIXTURE	WP13	WP14	FULL_CONTENT_AND_CALL_CHAIN	UNREVIEWED	AS_RISK_REQUIRES_AFTER_G0	NOT_RUN			
backend/tests/security/deploy-jwt-flow.test.sh	ae2fecaabcf419707d0be9dca29e349c09fd0fa8b24d4007bdd2e17b09e8e429	13510	239	TEST_AND_FIXTURE	WP13	WP14	FULL_CONTENT_AND_CALL_CHAIN	UNREVIEWED	AS_RISK_REQUIRES_AFTER_G0	NOT_RUN			
backend/tests/security/deploy-jwt-roundtrip.test.mjs	c21fc9af7c23cb42a699732c3fe9dbe9a4d17daffa6260188da29fe82809bafc	13534	264	TEST_AND_FIXTURE	WP13	WP14	FULL_CONTENT_AND_CALL_CHAIN	UNREVIEWED	AS_RISK_REQUIRES_AFTER_G0	NOT_RUN			
backend/tests/security/jwt-secret-config.test.mjs	4b0707b615faf4478801db159d68373a8fca3897115735a5b2d2dbafbd15c999	14583	296	TEST_AND_FIXTURE	WP13		FULL_CONTENT_AND_CALL_CHAIN	UNREVIEWED	AS_RISK_REQUIRES_AFTER_G0	NOT_RUN			
backend/tests/security/startup-jwt-guard.test.mjs	5aab45d863c4669162ac898e473f592a61073d463049032bed2c19acfc44b99d	13221	233	TEST_AND_FIXTURE	WP13		FULL_CONTENT_AND_CALL_CHAIN	UNREVIEWED	AS_RISK_REQUIRES_AFTER_G0	NOT_RUN			
backend/tests/security/stubs/dotenv.stub.mjs	138ae399982ffd56fe76d4343960bb593ca1482f1552ab04677d456add88af61	1260	28	TEST_AND_FIXTURE	WP13		FULL_CONTENT_AND_CALL_CHAIN	UNREVIEWED	AS_RISK_REQUIRES_AFTER_G0	NOT_RUN			
backend/tests/security/stubs/prisma-client.stub.mjs	3093d9f7e62b0c7b386374a277b60f5628caaf6f6828128181b24b2460f3dafc	902	20	TEST_AND_FIXTURE	WP13		FULL_CONTENT_AND_CALL_CHAIN	UNREVIEWED	AS_RISK_REQUIRES_AFTER_G0	NOT_RUN			
backend/tests/security/stubs/register-stubs.mjs	87008523f0b607fa1abc90219bb2532011a774d1fd561a4ee0743b487d411cbe	4057	90	TEST_AND_FIXTURE	WP13		FULL_CONTENT_AND_CALL_CHAIN	UNREVIEWED	AS_RISK_REQUIRES_AFTER_G0	NOT_RUN			
backend/tests/security/stubs/school-routes.stub.mjs	dbf6c81df97fd2a41efe29354cb5ceded78924b6aaa4cce03f899e85a1c77f87	481	10	TEST_AND_FIXTURE	WP13		FULL_CONTENT_AND_CALL_CHAIN	UNREVIEWED	AS_RISK_REQUIRES_AFTER_G0	NOT_RUN			
backend/tests/security/stubs/security-alerts.stub.mjs	28d49b379072bfb8e520e991c6544cd49315736381a95b406ff56c51e97805d9	255	7	TEST_AND_FIXTURE	WP13		FULL_CONTENT_AND_CALL_CHAIN	UNREVIEWED	AS_RISK_REQUIRES_AFTER_G0	NOT_RUN			
backend/tests/security/stubs/stub-record.mjs	faedbef5ff638b9ea9d6187adf2170e2f163babab5714b48354d545a25a5427e	565	14	TEST_AND_FIXTURE	WP13	WP04	FULL_CONTENT_AND_CALL_CHAIN	UNREVIEWED	AS_RISK_REQUIRES_AFTER_G0	NOT_RUN			
backend/tests/security/stubs/tenant-client.stub.mjs	7b1c2674b76f10a0758818166515fe5a14e16b51f50f5d6fd478a7f3df33a14c	890	29	TEST_AND_FIXTURE	WP13	WP03	FULL_CONTENT_AND_CALL_CHAIN	UNREVIEWED	AS_RISK_REQUIRES_AFTER_G0	NOT_RUN			
backend/tests/security/stubs/tenant-sync.stub.mjs	3e1c7ddc33bd0720df89daf22706bc25c8fcd7d2a5ab68392dbd368300a6fa15	240	7	TEST_AND_FIXTURE	WP13	WP03,WP04	FULL_CONTENT_AND_CALL_CHAIN	UNREVIEWED	AS_RISK_REQUIRES_AFTER_G0	NOT_RUN			
backend/tests/session/_w1-harness.mjs	58a5d5b2e0be645700ba20e43406a5f7f096639935f4c6ef9d38e8223ef846b6	5980	114	TEST_AND_FIXTURE	WP13	WP02,WP03	FULL_CONTENT_AND_CALL_CHAIN	UNREVIEWED	AS_RISK_REQUIRES_AFTER_G0	NOT_RUN			
backend/tests/session/w1-authInfraMissing.unit.test.mjs	d9d2885f4d7addbfddd9fb80be0ce503f11c888ca1d3782f5f6ea3c2871733e0	5865	109	TEST_AND_FIXTURE	WP13	WP02	FULL_CONTENT_AND_CALL_CHAIN	UNREVIEWED	AS_RISK_REQUIRES_AFTER_G0	NOT_RUN			
backend/tests/session/w1-invalidation-matrix.integration.test.mjs	3b636b0e20c8d3ce69c6c69a8f602196c2213ff013a114a5e35d5f5b0b60684c	37046	619	TEST_AND_FIXTURE	WP13	WP02	FULL_CONTENT_AND_CALL_CHAIN	UNREVIEWED	AS_RISK_REQUIRES_AFTER_G0	NOT_RUN			
backend/tests/session/w1-session-model.unit.test.mjs	0bafbabbf3a8d6d55d58a86934c667092eb0abec9c1a358f2ed6fabb0a0440a9	12175	231	TEST_AND_FIXTURE	WP13	WP02	FULL_CONTENT_AND_CALL_CHAIN	UNREVIEWED	AS_RISK_REQUIRES_AFTER_G0	NOT_RUN			
backend/tests/sync/w4-409-conflict-response.test.mjs	0ef8df6c1e595777d762c76b73f1f223164b02680c29e704e90967a51c7a5e9d	9942	220	TEST_AND_FIXTURE	WP13	WP04	FULL_CONTENT_AND_CALL_CHAIN	UNREVIEWED	AS_RISK_REQUIRES_AFTER_G0	NOT_RUN			
backend/tests/sync/w4-conflict-merge.test.mjs	d0be550de2b4b46edfd0d6423a6e892e1e2c79f4c96b3cc8235f9ab034fdf7f1	12999	239	TEST_AND_FIXTURE	WP13	WP04	FULL_CONTENT_AND_CALL_CHAIN	UNREVIEWED	AS_RISK_REQUIRES_AFTER_G0	NOT_RUN			
backend/tests/sync/w4-jsdom-harness.mjs	fa82ac2b01dc08b57ee3a31d86f0b6c21b13bfdcf05705044247d3994168c708	3496	95	TEST_AND_FIXTURE	WP13	WP03,WP04	FULL_CONTENT_AND_CALL_CHAIN	UNREVIEWED	AS_RISK_REQUIRES_AFTER_G0	NOT_RUN			
backend/tests/sync/w4-scope-isolation.test.mjs	3ce1107c8b361f31087740bf8dd7f165992ea206aa16b0a091b3096d805b4e4d	7576	143	TEST_AND_FIXTURE	WP13	WP04	FULL_CONTENT_AND_CALL_CHAIN	UNREVIEWED	AS_RISK_REQUIRES_AFTER_G0	NOT_RUN			
backend/tests/sync/w4-sync-state-machine.test.mjs	9d656b19f0d5d59e0d94462f7acb4591647c0359c7b1d8e7a42ff9fd908ed51c	14401	279	TEST_AND_FIXTURE	WP13	WP04	FULL_CONTENT_AND_CALL_CHAIN	UNREVIEWED	AS_RISK_REQUIRES_AFTER_G0	NOT_RUN			
backend/tests/t02c-instance-fixture.mjs	bfa44c4c7eae16a410cf9394559333ae7e66af66c27336671c3f03c84858e158	28239	438	TEST_AND_FIXTURE	WP13	WP03	FULL_CONTENT_AND_CALL_CHAIN	UNREVIEWED	AS_RISK_REQUIRES_AFTER_G0	NOT_RUN			
backend/tests/t02c-live-api-harness.mjs	d90c34cf4cc4eb443ae79615b014fdde2483d5740023df3a7341efdcf77172e8	25382	381	TEST_AND_FIXTURE	WP13	WP03	FULL_CONTENT_AND_CALL_CHAIN	UNREVIEWED	AS_RISK_REQUIRES_AFTER_G0	NOT_RUN			
backend/tests/tenant-sync/b1b2b3-baseline-guards.unit.test.mjs	3923deec19a39ce4d0735d5d61e828ede29277d6a31bea25153ed22139781938	16877	288	TEST_AND_FIXTURE	WP13	WP03,WP04	FULL_CONTENT_AND_CALL_CHAIN	UNREVIEWED	AS_RISK_REQUIRES_AFTER_G0	NOT_RUN			
backend/tests/tenant-sync/b1b3-baseline-proof.integration.test.mjs	b6ef9ffaefaf680a873943a90bbb07297b170d57585ecf0bf8b60dcd02abb8cf	11925	192	TEST_AND_FIXTURE	WP13	WP03,WP04	FULL_CONTENT_AND_CALL_CHAIN	UNREVIEWED	AS_RISK_REQUIRES_AFTER_G0	NOT_RUN			
backend/tests/tenant-sync/fixtures/legacy-chain-13.lock.json	75714fa59a870b6d3a6ff8d7b90b93a6c26f454232482479ee1d087a7ffc99f8	2136	57	TEST_AND_FIXTURE	WP13	WP03,WP04	FULL_CONTENT_AND_CALL_CHAIN	UNREVIEWED	AS_RISK_REQUIRES_AFTER_G0	NOT_RUN			
backend/tests/tenant-sync/publicInfraChain.unit.test.mjs	10b3a0c34e62d3ae99b3dc1946668c354ec98160d130b035c089280b0d0b322b	18996	241	TEST_AND_FIXTURE	WP13	WP03,WP04	FULL_CONTENT_AND_CALL_CHAIN	UNREVIEWED	AS_RISK_REQUIRES_AFTER_G0	NOT_RUN			
backend/tests/tenant-sync/publicInfraFollowup.unit.test.mjs	e61f0b319df7da53baba890c255372ae8715c3a950c1e20d0232b18faa98a09c	8421	98	TEST_AND_FIXTURE	WP13	WP03,WP04	FULL_CONTENT_AND_CALL_CHAIN	UNREVIEWED	AS_RISK_REQUIRES_AFTER_G0	NOT_RUN			
backend/tests/tenant-sync/w2t02r4-unit.test.mjs	0c66b054dd0e9db094934030d1e86a85623cd025f611feb4215b95c2e41f2301	14020	191	TEST_AND_FIXTURE	WP13	WP03,WP04	FULL_CONTENT_AND_CALL_CHAIN	UNREVIEWED	AS_RISK_REQUIRES_AFTER_G0	NOT_RUN			
backend/tests/tenant-sync/w2t02r5-unit.test.mjs	33e96f33b57b5c9fe1aa444e047049b9799262cabd0500389bed147332a63c6d	13092	149	TEST_AND_FIXTURE	WP13	WP03,WP04	FULL_CONTENT_AND_CALL_CHAIN	UNREVIEWED	AS_RISK_REQUIRES_AFTER_G0	NOT_RUN			
backend/tests/tenant-sync/w2t02r6-unit.test.mjs	8b8887511fe9db47a312be4cbc47f7a5a5afcecb5c83b5b4e56a199df7299b43	12351	125	TEST_AND_FIXTURE	WP13	WP03,WP04	FULL_CONTENT_AND_CALL_CHAIN	UNREVIEWED	AS_RISK_REQUIRES_AFTER_G0	NOT_RUN			
backend/tests/verdict/conclusion-matrix.test.mjs	9001985d51bdd9044b0fcf5090b049f8b381519935520d57a411f2bddc7cffa5	10039	161	TEST_AND_FIXTURE	WP13	WP05	FULL_CONTENT_AND_CALL_CHAIN	UNREVIEWED	AS_RISK_REQUIRES_AFTER_G0	NOT_RUN			
backend/tests/verdict/oil-verdict-stats.integration.test.mjs	7557456ddd81776016adc8fccee8d1cce77ee2f8c7459920ce4bd8c48628a408	11659	216	TEST_AND_FIXTURE	WP13	WP05	FULL_CONTENT_AND_CALL_CHAIN	UNREVIEWED	AS_RISK_REQUIRES_AFTER_G0	NOT_RUN			
cypress.config.cjs	b3be9635a5b4f6141945f5a5533ed725c476cf44016dd54d5d96e494ab1fbf79	1183	27	CONFIGURATION	WP13		FULL_CONTENT_AND_CALL_CHAIN	UNREVIEWED	AS_RISK_REQUIRES_AFTER_G0	NOT_RUN			
cypress/e2e/login.cy.js	61ca6282f45126b05ea09232be61b40780ce350b1a8f29a25c3a9e998ca86f7c	901	27	TEST_AND_FIXTURE	WP13		FULL_CONTENT_AND_CALL_CHAIN	UNREVIEWED	AS_RISK_REQUIRES_AFTER_G0	NOT_RUN			
cypress/e2e/records.cy.js	493909f69778b309983a8188bbdfe213f657aaae78919cc64f0bbd39ac4dadcd	1623	57	TEST_AND_FIXTURE	WP13	WP04	FULL_CONTENT_AND_CALL_CHAIN	UNREVIEWED	AS_RISK_REQUIRES_AFTER_G0	NOT_RUN			
cypress/e2e/smoke.cy.js	a98f5e8434a8a7813f2ebacf1b5287b802b639e7c4b6734d8557cfbcd5895731	917	22	TEST_AND_FIXTURE	WP13		FULL_CONTENT_AND_CALL_CHAIN	UNREVIEWED	AS_RISK_REQUIRES_AFTER_G0	NOT_RUN			
cypress/support/e2e.js	f2a7c0a0be70c3130c67a3fd7524d106d811d1a688247eab2671c1654efa0d9d	1667	39	TEST_AND_FIXTURE	WP13		FULL_CONTENT_AND_CALL_CHAIN	UNREVIEWED	AS_RISK_REQUIRES_AFTER_G0	NOT_RUN			
deploy/DEPLOY_READINESS_REPORT.md	bc05f10bfa0c4c97a082a716a53ba4503ce9fe7894ea3d63faad2f30c4067204	15673	172	DOCUMENTATION	WP14		DOCUMENT_CONTRACT_HISTORY_AND_OPERATIONAL_SAFETY	UNREVIEWED	NO_RUNTIME_CHECK_FOR_DOCUMENT_ITSELF	NOT_RUN			
deploy/MIGRATION_FAILURE_RUNBOOK.md	e717d56d70ed50b4c513df68cd00f20f90224d92137dd5a26f0693b82ba153c0	7525	108	DOCUMENTATION	WP14		DOCUMENT_CONTRACT_HISTORY_AND_OPERATIONAL_SAFETY	UNREVIEWED	NO_RUNTIME_CHECK_FOR_DOCUMENT_ITSELF	NOT_RUN			
deploy/README.md	67771b2fb2893eda34190f6605bcd9fde9592f0516c9c4f457f5170a8ed4df52	23660	269	DOCUMENTATION	WP14		DOCUMENT_CONTRACT_HISTORY_AND_OPERATIONAL_SAFETY	UNREVIEWED	NO_RUNTIME_CHECK_FOR_DOCUMENT_ITSELF	NOT_RUN			
deploy/deploy.adapter.example.conf	3b69adc9ac40cf51b999f64571b09af694af778b667fe57bef644f46cab66487	4193	75	CONFIGURATION	WP14		FULL_CONTENT_AND_CALL_CHAIN	UNREVIEWED	AS_RISK_REQUIRES_AFTER_G0	NOT_RUN			
deploy/deploy.sh	08a337eb0c8b5b416c2c40201b54af73f5e93644ccbc8f71263bdee2d1b66e3d	62145	1073	BUILD_DEPLOY_OR_OPS_SCRIPT	WP14		FULL_CONTENT_AND_CALL_CHAIN	UNREVIEWED	AS_RISK_REQUIRES_AFTER_G0	NOT_RUN			
deploy/lib/jwt-config.sh	983ba166c54ed3ed230d5338de59422f3ee48648e4d441118f9a8b6c8fca2c58	16604	330	BUILD_DEPLOY_OR_OPS_SCRIPT	WP14		FULL_CONTENT_AND_CALL_CHAIN	UNREVIEWED	AS_RISK_REQUIRES_AFTER_G0	NOT_RUN			
docs/AI_review/SERVER_CODEBUDDY_20260928/FINDINGS.md	f07cd5a7ee6efb63a2cf666735da0a23c01c91d4e88e5bb5f9979a462037f839	37769	404	DOCUMENTATION	WP00		DOCUMENT_CONTRACT_HISTORY_AND_OPERATIONAL_SAFETY	UNREVIEWED	NO_RUNTIME_CHECK_FOR_DOCUMENT_ITSELF	NOT_RUN			
docs/AI_review/SERVER_CODEBUDDY_20260928/INCIDENT_20260928_TENANT_503.md	4eaa5c596635324fa950c989c3cb4cf777b33e08f31a7738fba9404bf4225831	8324	105	DOCUMENTATION	WP00		DOCUMENT_CONTRACT_HISTORY_AND_OPERATIONAL_SAFETY	UNREVIEWED	NO_RUNTIME_CHECK_FOR_DOCUMENT_ITSELF	NOT_RUN			
docs/AI_review/SERVER_CODEBUDDY_20260928/ONLINE_CHECKS.md	81db14a519d534b6794078d18f15b5769695fc998498571fbaa2098b6b453875	3728	32	DOCUMENTATION	WP00		DOCUMENT_CONTRACT_HISTORY_AND_OPERATIONAL_SAFETY	UNREVIEWED	NO_RUNTIME_CHECK_FOR_DOCUMENT_ITSELF	NOT_RUN			
docs/AI_review/SERVER_CODEBUDDY_20260928/PROMPTS.md	8cd07f4b3e5bc6ced7b809c600fcdc907f4443c14248a0a7e2bcfeffd8d6c9e3	8661	82	DOCUMENTATION	WP00		DOCUMENT_CONTRACT_HISTORY_AND_OPERATIONAL_SAFETY	UNREVIEWED	NO_RUNTIME_CHECK_FOR_DOCUMENT_ITSELF	NOT_RUN			
docs/AI_review/SERVER_CODEBUDDY_20260928/R0_BASELINE_20260928.md	adefb5f3246279ff8344e7ff2e0eee9d8239c16babb6bcd0c89146321fc4b1b4	9724	129	DOCUMENTATION	WP00		DOCUMENT_CONTRACT_HISTORY_AND_OPERATIONAL_SAFETY	UNREVIEWED	NO_RUNTIME_CHECK_FOR_DOCUMENT_ITSELF	NOT_RUN			
docs/AI_review/SERVER_CODEBUDDY_20260928/R1_R4_STATIC_REVIEW_20260928.md	3580bda7a39613539ef62343368009124adc536aebc6fad0b0930e93ab890254	13665	115	DOCUMENTATION	WP00		DOCUMENT_CONTRACT_HISTORY_AND_OPERATIONAL_SAFETY	UNREVIEWED	NO_RUNTIME_CHECK_FOR_DOCUMENT_ITSELF	NOT_RUN			
docs/AI_review/SERVER_CODEBUDDY_20260928/R6_CLOSURE_ASSESSMENT_AND_ROUND5_PLAN_20260929.md	6f947ecce8af0c9f07369688709a252855309096d8d267a19e8216bacc2b608c	8435	93	DOCUMENTATION	WP00		DOCUMENT_CONTRACT_HISTORY_AND_OPERATIONAL_SAFETY	UNREVIEWED	NO_RUNTIME_CHECK_FOR_DOCUMENT_ITSELF	NOT_RUN			
docs/AI_review/SERVER_CODEBUDDY_20260928/R6_DEEP_REVIEW_PLAN_R3_20260929.md	45248eee7328d9e50ee128dc41ba3ec065e9c622922e0b9b23b32357430246fe	8083	56	DOCUMENTATION	WP00		DOCUMENT_CONTRACT_HISTORY_AND_OPERATIONAL_SAFETY	UNREVIEWED	NO_RUNTIME_CHECK_FOR_DOCUMENT_ITSELF	NOT_RUN			
docs/AI_review/SERVER_CODEBUDDY_20260928/R6_DEEP_VERIFICATION_PLAN.md	e34013790f7e227667be8894a45f1bc521ab1da5ad62e3fc4b925ddcd700863e	6808	38	DOCUMENTATION	WP00		DOCUMENT_CONTRACT_HISTORY_AND_OPERATIONAL_SAFETY	UNREVIEWED	NO_RUNTIME_CHECK_FOR_DOCUMENT_ITSELF	NOT_RUN			
docs/AI_review/SERVER_CODEBUDDY_20260928/R6_VERIFICATION_ROUND1_20260928.md	f6b6d921e536d6bf6e9e343e8915e4c5c4593b42c179677ff894372a042ac098	19577	181	DOCUMENTATION	WP00		DOCUMENT_CONTRACT_HISTORY_AND_OPERATIONAL_SAFETY	UNREVIEWED	NO_RUNTIME_CHECK_FOR_DOCUMENT_ITSELF	NOT_RUN			
docs/AI_review/SERVER_CODEBUDDY_20260928/R6_VERIFICATION_ROUND2_20260928.md	093908cef3eb6e4e796af1598f22a0b4f0c05ded71596b5c4c7745792d92f39d	11237	81	DOCUMENTATION	WP00		DOCUMENT_CONTRACT_HISTORY_AND_OPERATIONAL_SAFETY	UNREVIEWED	NO_RUNTIME_CHECK_FOR_DOCUMENT_ITSELF	NOT_RUN			
docs/AI_review/SERVER_CODEBUDDY_20260928/R6_VERIFICATION_ROUND3_20260929.md	34cbda70b150fa37649d96c40c7f4a46122b1d7a260817cc34196f3b6efb1e1e	11546	107	DOCUMENTATION	WP00		DOCUMENT_CONTRACT_HISTORY_AND_OPERATIONAL_SAFETY	UNREVIEWED	NO_RUNTIME_CHECK_FOR_DOCUMENT_ITSELF	NOT_RUN			
docs/AI_review/SERVER_CODEBUDDY_20260928/R6_VERIFICATION_ROUND4_20260929.md	5188a71e84795d7de8e24613427ec5916227b6a3a105f08b82463a0e46019bab	8118	89	DOCUMENTATION	WP00		DOCUMENT_CONTRACT_HISTORY_AND_OPERATIONAL_SAFETY	UNREVIEWED	NO_RUNTIME_CHECK_FOR_DOCUMENT_ITSELF	NOT_RUN			
docs/AI_review/SERVER_CODEBUDDY_20260928/R7_FULL_SWEEP_AND_REPAIR_PLAN_20260929.md	64d865cada7baed4daf14ffd075d3a944e27fc409d3eb4536e7c59afcee9d029	20178	121	DOCUMENTATION	WP00		DOCUMENT_CONTRACT_HISTORY_AND_OPERATIONAL_SAFETY	UNREVIEWED	NO_RUNTIME_CHECK_FOR_DOCUMENT_ITSELF	NOT_RUN			
docs/AI_review/SERVER_CODEBUDDY_20260928/R8_COVERAGE_AUDIT_AND_GAP_PLAN_20260929.md	778b0af7ec165be52677145a5cc13b1e68bf1be5499dd11eb86677ee7c6c13c0	8151	90	DOCUMENTATION	WP00		DOCUMENT_CONTRACT_HISTORY_AND_OPERATIONAL_SAFETY	UNREVIEWED	NO_RUNTIME_CHECK_FOR_DOCUMENT_ITSELF	NOT_RUN			
docs/AI_review/SERVER_CODEBUDDY_20260928/R8_FILE_INVENTORY_20260929.md	74ceb60b826713896b2e1d04a2d9b4764ebd72fafa41465dccfbd6f868957d7b	19111	317	DOCUMENTATION	WP00		DOCUMENT_CONTRACT_HISTORY_AND_OPERATIONAL_SAFETY	UNREVIEWED	NO_RUNTIME_CHECK_FOR_DOCUMENT_ITSELF	NOT_RUN			
docs/AI_review/SERVER_CODEBUDDY_20260928/R8_FULL_DEEP_AUDIT_20260929.md	958ee9e72aee21d0cf8a05820583554f7b9bd0a1967a749bd24cafa66be489ec	22888	141	DOCUMENTATION	WP00		DOCUMENT_CONTRACT_HISTORY_AND_OPERATIONAL_SAFETY	UNREVIEWED	NO_RUNTIME_CHECK_FOR_DOCUMENT_ITSELF	NOT_RUN			
docs/AI_review/SERVER_CODEBUDDY_20260928/README.md	c451d3c33f8297a0a21488793861fb9473ea0cb2eebc9838c3aa477ff3cda55c	5897	46	DOCUMENTATION	WP00		DOCUMENT_CONTRACT_HISTORY_AND_OPERATIONAL_SAFETY	UNREVIEWED	NO_RUNTIME_CHECK_FOR_DOCUMENT_ITSELF	NOT_RUN			
docs/CHANGELOG.md	177944813b660e866947e82b27158b92eb89660b0d88c958d363a61815b4c64a	5211	90	DOCUMENTATION	WP00		DOCUMENT_CONTRACT_HISTORY_AND_OPERATIONAL_SAFETY	UNREVIEWED	NO_RUNTIME_CHECK_FOR_DOCUMENT_ITSELF	NOT_RUN			
docs/DEVELOPMENT_GUIDE.md	e4c0096186b4f3a0c31aebc41db3b23f3c30de77c8f09d913a3b9f16671610e5	38638	505	DOCUMENTATION	WP00		DOCUMENT_CONTRACT_HISTORY_AND_OPERATIONAL_SAFETY	UNREVIEWED	NO_RUNTIME_CHECK_FOR_DOCUMENT_ITSELF	NOT_RUN			
docs/JWT_SECRET_CONFIGURATION.md	7e1938f239878fb37a6ed192a8cb67673816238b169d771de788c66b633c20cf	7301	103	DOCUMENTATION	WP00		DOCUMENT_CONTRACT_HISTORY_AND_OPERATIONAL_SAFETY	UNREVIEWED	NO_RUNTIME_CHECK_FOR_DOCUMENT_ITSELF	NOT_RUN			
docs/OPEN_API_INTEGRATION.md	3443ea0492c14bf658260bff8739347381fc8c764d970a101e5d989fb6ed9d6e	30872	405	DOCUMENTATION	WP00		DOCUMENT_CONTRACT_HISTORY_AND_OPERATIONAL_SAFETY	UNREVIEWED	NO_RUNTIME_CHECK_FOR_DOCUMENT_ITSELF	NOT_RUN			
docs/PROJECT_CONVENTIONS.md	d97c244641ca0e7b884584fdf5ab7292fd2b288248f5bb289219311f9880b8d3	27602	233	DOCUMENTATION	WP00		DOCUMENT_CONTRACT_HISTORY_AND_OPERATIONAL_SAFETY	UNREVIEWED	NO_RUNTIME_CHECK_FOR_DOCUMENT_ITSELF	NOT_RUN			
docs/README.md	3325c86a150ec223492f26a1fc00326e874f0da5fbec3a02562c5930eba59df5	14950	155	DOCUMENTATION	WP00		DOCUMENT_CONTRACT_HISTORY_AND_OPERATIONAL_SAFETY	UNREVIEWED	NO_RUNTIME_CHECK_FOR_DOCUMENT_ITSELF	NOT_RUN			
docs/TASKS.md	40f425ec8f2be5dc18d42d31c4671885936399fb2e0148bb47d49870b840404e	32029	280	DOCUMENTATION	WP00		DOCUMENT_CONTRACT_HISTORY_AND_OPERATIONAL_SAFETY	UNREVIEWED	NO_RUNTIME_CHECK_FOR_DOCUMENT_ITSELF	NOT_RUN			
docs/TEST_DATABASE_ISOLATION.md	2b910dd44365f54ce38f95405cabf96ae11f1b5a4f5dffaf67cf7c68bfabc352	14888	163	DOCUMENTATION	WP00		DOCUMENT_CONTRACT_HISTORY_AND_OPERATIONAL_SAFETY	UNREVIEWED	NO_RUNTIME_CHECK_FOR_DOCUMENT_ITSELF	NOT_RUN			
docs/api/customization-api.md	311602157a57e90260c96492d6c6068e8ad1b796e91427830ffa83a2f0b725a8	2357	55	DOCUMENTATION	WP00		DOCUMENT_CONTRACT_HISTORY_AND_OPERATIONAL_SAFETY	UNREVIEWED	NO_RUNTIME_CHECK_FOR_DOCUMENT_ITSELF	NOT_RUN			
docs/archive/README.new.md	ca16c8d15873f61d3570515aae570f7c2188fd597b1c34c3d396e2be4a4a5db0	3108	44	DOCUMENTATION	WP00		DOCUMENT_CONTRACT_HISTORY_AND_OPERATIONAL_SAFETY	UNREVIEWED	NO_RUNTIME_CHECK_FOR_DOCUMENT_ITSELF	NOT_RUN			
docs/archive/README_DIFF.md	be058eb358040c11b6d135969aac834d56c1d5ac063be4768e8f3dd1b09ccf3f	5944	56	DOCUMENTATION	WP00		DOCUMENT_CONTRACT_HISTORY_AND_OPERATIONAL_SAFETY	UNREVIEWED	NO_RUNTIME_CHECK_FOR_DOCUMENT_ITSELF	NOT_RUN			
docs/archive/README_REVIEW.md	68a6e2c920bf3c52173b26933029bcd19b0d3457051ca05c1e1211436ed81db8	3326	34	DOCUMENTATION	WP00		DOCUMENT_CONTRACT_HISTORY_AND_OPERATIONAL_SAFETY	UNREVIEWED	NO_RUNTIME_CHECK_FOR_DOCUMENT_ITSELF	NOT_RUN			
docs/deployment/backup-module.md	fd717bf5937556bd228f4a1d855fb0e3f1c8f0251d48df32fac8d55318b0c817	10901	216	DOCUMENTATION	WP00		DOCUMENT_CONTRACT_HISTORY_AND_OPERATIONAL_SAFETY	UNREVIEWED	NO_RUNTIME_CHECK_FOR_DOCUMENT_ITSELF	NOT_RUN			
docs/deployment/capacity-planning-and-p3-closeout.md	671772e9bee7ed0adada73787ab4d65192b84bf81d8d089c736fb86ca5cd4ca5	10902	171	DOCUMENTATION	WP00		DOCUMENT_CONTRACT_HISTORY_AND_OPERATIONAL_SAFETY	UNREVIEWED	NO_RUNTIME_CHECK_FOR_DOCUMENT_ITSELF	NOT_RUN			
docs/deployment/dev-test-deployment-guide.md	e3b835c4e2367a92f5994f1e45ed77b9dc040155d49da66d1a93bb278a208d93	17759	342	DOCUMENTATION	WP00		DOCUMENT_CONTRACT_HISTORY_AND_OPERATIONAL_SAFETY	UNREVIEWED	NO_RUNTIME_CHECK_FOR_DOCUMENT_ITSELF	NOT_RUN			
docs/examples/openapi-acceptance-kit.mjs	b7802331fd6245fc81bf1244b40b26d290deb234fd1a3b9f910def9f7eea4543	14670	209	AUTHORED_CODE	WP06	WP00,WP13,WP14	FULL_CONTENT_AND_CALL_CHAIN	UNREVIEWED	AS_RISK_REQUIRES_AFTER_G0	NOT_RUN			
docs/examples/openapi-sync-client.mjs	b4b6fb6c3aa7cbf0c5e438c3af0a7482c2a217dc3bcb5b5db97abb2f70828c0c	21908	405	AUTHORED_CODE	WP06	WP00,WP13,WP14	FULL_CONTENT_AND_CALL_CHAIN	UNREVIEWED	AS_RISK_REQUIRES_AFTER_G0	NOT_RUN			
docs/fix/待修复问题深度分析-20260817.md	28a508183c68df622ea9a01f747c90a6cff674138e6d57a46919b24d74284940	47291	531	DOCUMENTATION	WP00		DOCUMENT_CONTRACT_HISTORY_AND_OPERATIONAL_SAFETY	UNREVIEWED	NO_RUNTIME_CHECK_FOR_DOCUMENT_ITSELF	NOT_RUN			
docs/optimization/ARCH_OPTIMIZATION_PLAN.md	2cb17c460879da922b666474b83280d7cfd14a93a58f33c169c7601ee439f456	14374	175	DOCUMENTATION	WP00		DOCUMENT_CONTRACT_HISTORY_AND_OPERATIONAL_SAFETY	UNREVIEWED	NO_RUNTIME_CHECK_FOR_DOCUMENT_ITSELF	NOT_RUN			
docs/reviews/APP_PROTOCOL_CHECKLIST_20260917.md	6248b123198d9a75a8448c5a521d8d7d6102c4f1ecdd4ea852026e52454fd7ad	3683	44	DOCUMENTATION	WP00		DOCUMENT_CONTRACT_HISTORY_AND_OPERATIONAL_SAFETY	UNREVIEWED	NO_RUNTIME_CHECK_FOR_DOCUMENT_ITSELF	NOT_RUN			
docs/reviews/B1B3_BASELINE_GATE_FIX_20260928.md	4848db8c14d0769b6861326bae8a4909094701d9c6eb515155afc60c9f34683d	10633	114	DOCUMENTATION	WP00		DOCUMENT_CONTRACT_HISTORY_AND_OPERATIONAL_SAFETY	UNREVIEWED	NO_RUNTIME_CHECK_FOR_DOCUMENT_ITSELF	NOT_RUN			
docs/reviews/F9_DUAL_METRIC_CONTRACT_DRAFT_20260917.md	22c8dd999081f4838a6ce4cbd7a613371ac3d1ea14b65105755c039f57a4ab26	4223	57	DOCUMENTATION	WP00		DOCUMENT_CONTRACT_HISTORY_AND_OPERATIONAL_SAFETY	UNREVIEWED	NO_RUNTIME_CHECK_FOR_DOCUMENT_ITSELF	NOT_RUN			
docs/reviews/ONBOARDING_TEST_GUIDE_20260923.md	7b4a613bdf36938103f8c96a0a693bab7484fd71a448c0320d2fa5bbdb3e1384	7628	97	DOCUMENTATION	WP00		DOCUMENT_CONTRACT_HISTORY_AND_OPERATIONAL_SAFETY	UNREVIEWED	NO_RUNTIME_CHECK_FOR_DOCUMENT_ITSELF	NOT_RUN			
docs/reviews/OPENAPI_F1_F8_RECHECK_AND_HTTP_TESTS_20260917.md	a85be8089e9e61bf656fe437b6df7094fb6adef12a879bf4b091031624449685	27972	309	DOCUMENTATION	WP00		DOCUMENT_CONTRACT_HISTORY_AND_OPERATIONAL_SAFETY	UNREVIEWED	NO_RUNTIME_CHECK_FOR_DOCUMENT_ITSELF	NOT_RUN			
docs/reviews/OPEN_API_RECORD_NORMALIZATION_REVIEW.md	74839f2d53ba191e5135d52cad08d2467cb9e92929a9889d2c4e6bd7292e5756	55588	453	DOCUMENTATION	WP00		DOCUMENT_CONTRACT_HISTORY_AND_OPERATIONAL_SAFETY	UNREVIEWED	NO_RUNTIME_CHECK_FOR_DOCUMENT_ITSELF	NOT_RUN			
docs/reviews/OPEN_API_STATS_AND_CONTRACT_FIX_20260916.md	20a5e9c7884d9fea1576d2e2756f7d900f3d01439079acb22d062661fe958681	16124	184	DOCUMENTATION	WP00		DOCUMENT_CONTRACT_HISTORY_AND_OPERATIONAL_SAFETY	UNREVIEWED	NO_RUNTIME_CHECK_FOR_DOCUMENT_ITSELF	NOT_RUN			
docs/reviews/PENDING_TASKS_HANDOFF_20260917.md	4beef5c867a6d6cd61d53d85397a557ee1cc7ea4ce054f927d51cc3eb1f71d21	17394	209	DOCUMENTATION	WP00		DOCUMENT_CONTRACT_HISTORY_AND_OPERATIONAL_SAFETY	UNREVIEWED	NO_RUNTIME_CHECK_FOR_DOCUMENT_ITSELF	NOT_RUN			
docs/reviews/RDPMS_OPENAPI_P0P1_CORRECTNESS_FIX_20260917.md	0bf7e307e04b2080eb1275c01ccbea587815a4165445f317132a0e143a2dff88	27147	274	DOCUMENTATION	WP00		DOCUMENT_CONTRACT_HISTORY_AND_OPERATIONAL_SAFETY	UNREVIEWED	NO_RUNTIME_CHECK_FOR_DOCUMENT_ITSELF	NOT_RUN			
docs/reviews/THIRD_PARTY_RESYNC_ACCEPTANCE_20260917.md	4d7171547486cc1e683e8f5d3eea92a97b093221100d3c4973d25bb48be0a3fa	3780	51	DOCUMENTATION	WP00		DOCUMENT_CONTRACT_HISTORY_AND_OPERATIONAL_SAFETY	UNREVIEWED	NO_RUNTIME_CHECK_FOR_DOCUMENT_ITSELF	NOT_RUN			
docs/reviews/TPM_UNIT_VERIFICATION_CHECKLIST_20260917.md	500ed7a7274ac3727704c9f3d7d493d0c3c61e23fb3df224e69072b0428cca4f	3250	42	DOCUMENTATION	WP00		DOCUMENT_CONTRACT_HISTORY_AND_OPERATIONAL_SAFETY	UNREVIEWED	NO_RUNTIME_CHECK_FOR_DOCUMENT_ITSELF	NOT_RUN			
docs/reviews/onboarding-pack-sample-20260916.md	4db8c4fd706cbc98f405772396e74f9e976e3d6a70e9dc8aa3ae4e57f9155bc9	30856	598	DOCUMENTATION	WP00		DOCUMENT_CONTRACT_HISTORY_AND_OPERATIONAL_SAFETY	UNREVIEWED	NO_RUNTIME_CHECK_FOR_DOCUMENT_ITSELF	NOT_RUN			
docs/reviews/onboarding-pack-sample-20260923.md	5ab257f20eaba97afa9bb83aba3fa5d623d3a40565b4c88dd46019fa0ded77f1	53676	903	DOCUMENTATION	WP00		DOCUMENT_CONTRACT_HISTORY_AND_OPERATIONAL_SAFETY	UNREVIEWED	NO_RUNTIME_CHECK_FOR_DOCUMENT_ITSELF	NOT_RUN			
docs/reviews/onboarding-pack-sample-20260924.md	16a6ddcefc187a79e397138134d537f33e394cb7af6f9c313584e686b9616a2f	54356	903	DOCUMENTATION	WP00		DOCUMENT_CONTRACT_HISTORY_AND_OPERATIONAL_SAFETY	UNREVIEWED	NO_RUNTIME_CHECK_FOR_DOCUMENT_ITSELF	NOT_RUN			
docs/test-results/README.md	4bb9a1a4d1f72c2d08f49a9d11c25cffb9bfece3e5853eb7a570846cfaf0e4f6	1545	25	DOCUMENTATION	WP00		DOCUMENT_CONTRACT_HISTORY_AND_OPERATIONAL_SAFETY	UNREVIEWED	NO_RUNTIME_CHECK_FOR_DOCUMENT_ITSELF	NOT_RUN			
frontend/css/admin-schools.css	9e30971f5a658ed9b8202214d9c225567896858d1e93c401bd6eb41f19036fff	31926	810	AUTHORED_STYLE	WP12		FULL_CONTENT_AND_CALL_CHAIN	UNREVIEWED	AS_RISK_REQUIRES_AFTER_G0	NOT_RUN			
frontend/css/detergent-demo.css	aee3a39b4b6ec7884eb3c88cee4adf9f7845a588ce09f38e067af659274214af	17070	425	AUTHORED_STYLE	WP11		FULL_CONTENT_AND_CALL_CHAIN	UNREVIEWED	AS_RISK_REQUIRES_AFTER_G0	NOT_RUN			
frontend/css/help.css	adef9a1fa91636df233c9e046014aa701222faa9e05ebde2389858c4755b4740	13686	294	AUTHORED_STYLE	WP12		FULL_CONTENT_AND_CALL_CHAIN	UNREVIEWED	AS_RISK_REQUIRES_AFTER_G0	NOT_RUN			
frontend/css/style.css	2f6bb462510abb3bb70e289def4a2105e23427121e871631bd8acdd5a3e5e59b	9603	208	AUTHORED_STYLE	WP12		FULL_CONTENT_AND_CALL_CHAIN	UNREVIEWED	AS_RISK_REQUIRES_AFTER_G0	NOT_RUN			
frontend/css/tailwind.css	1e8c6e2a8f0f1827f36828693f727bc567b24cc2e5cb4fd988376d7b0e68a5bc	69221	1	GENERATED_RESOURCE	WP15	WP12,WP14	GENERATION_REPRODUCIBILITY_AND_USAGE	UNREVIEWED	LOAD_OR_GENERATION_CHECK_AFTER_G0_IF_REQUIRED	NOT_RUN			
frontend/css/tailwind.input.css	b3b4a9dc8817ea3796371c03257b125fa5b0caae75cffa27b1e1015115416d30	9123	257	AUTHORED_STYLE	WP12		FULL_CONTENT_AND_CALL_CHAIN	UNREVIEWED	AS_RISK_REQUIRES_AFTER_G0	NOT_RUN			
frontend/css/vendor/fa/all.min.css	1edb1725a9ea8ca4dcf2f5508cee183218aa1685e47c1b23056717f754f58ebf	102025	9	THIRD_PARTY_RESOURCE	WP15		PROVENANCE_VERSION_LICENSE_AND_USAGE	UNREVIEWED	LOAD_OR_GENERATION_CHECK_AFTER_G0_IF_REQUIRED	NOT_RUN			
frontend/css/vendor/webfonts/fa-brands-400.ttf	20c4a58bc9d1d69e935d06f1528923646a715be5e218665655cade8f5f1b8c00	187208		THIRD_PARTY_RESOURCE	WP15		PROVENANCE_VERSION_LICENSE_AND_USAGE	UNREVIEWED	LOAD_OR_GENERATION_CHECK_AFTER_G0_IF_REQUIRED	NOT_RUN			
frontend/css/vendor/webfonts/fa-brands-400.woff2	748332090c4b8e20f95d0ff59f0be20fa9c889359d3b36d4b886d73376054207	108020		THIRD_PARTY_RESOURCE	WP15		PROVENANCE_VERSION_LICENSE_AND_USAGE	UNREVIEWED	LOAD_OR_GENERATION_CHECK_AFTER_G0_IF_REQUIRED	NOT_RUN			
frontend/css/vendor/webfonts/fa-regular-400.ttf	528d022dce6725f8a0811fd91d8e6513445c81ef33353a5c3234eab932551abf	63952		THIRD_PARTY_RESOURCE	WP15		PROVENANCE_VERSION_LICENSE_AND_USAGE	UNREVIEWED	LOAD_OR_GENERATION_CHECK_AFTER_G0_IF_REQUIRED	NOT_RUN			
frontend/css/vendor/webfonts/fa-regular-400.woff2	8e7e5ea1b15f62ab14dbd41768e8fbcd21cc859a4ea5da812457ee714299fb35	24948		THIRD_PARTY_RESOURCE	WP15		PROVENANCE_VERSION_LICENSE_AND_USAGE	UNREVIEWED	LOAD_OR_GENERATION_CHECK_AFTER_G0_IF_REQUIRED	NOT_RUN			
frontend/css/vendor/webfonts/fa-solid-900.ttf	67a65763c7f80903d81603bbeb9049fc2bf28508479b83ed011fe24c71fa950a	394628		THIRD_PARTY_RESOURCE	WP15		PROVENANCE_VERSION_LICENSE_AND_USAGE	UNREVIEWED	LOAD_OR_GENERATION_CHECK_AFTER_G0_IF_REQUIRED	NOT_RUN			
frontend/css/vendor/webfonts/fa-solid-900.woff2	7152a6933ee3d690ec2af3d09da9d701723d16aa3410a6d80f28ff8866f3b880	150124		THIRD_PARTY_RESOURCE	WP15		PROVENANCE_VERSION_LICENSE_AND_USAGE	UNREVIEWED	LOAD_OR_GENERATION_CHECK_AFTER_G0_IF_REQUIRED	NOT_RUN			
frontend/css/vendor/webfonts/fa-v4compatibility.ttf	0515a423f828ce4e6accf92a2ea0b03d19d31cc86d9af0373291e1fd4db5f348	10172		THIRD_PARTY_RESOURCE	WP15		PROVENANCE_VERSION_LICENSE_AND_USAGE	UNREVIEWED	LOAD_OR_GENERATION_CHECK_AFTER_G0_IF_REQUIRED	NOT_RUN			
frontend/css/vendor/webfonts/fa-v4compatibility.woff2	694a17c3d9d6c05f8aac63c544615552a4b220e9a4de863d87341a6bcfc1bc8d	4564		THIRD_PARTY_RESOURCE	WP15		PROVENANCE_VERSION_LICENSE_AND_USAGE	UNREVIEWED	LOAD_OR_GENERATION_CHECK_AFTER_G0_IF_REQUIRED	NOT_RUN			
frontend/demos/detergent-image-demo.html	b54f93d3179feac2c1472772b4cc9518c1bbe2235e3a0fd600537966bff231d2	7126	135	HTML_TEMPLATE	WP11	WP12,WP15	FULL_CONTENT_AND_CALL_CHAIN	UNREVIEWED	AS_RISK_REQUIRES_AFTER_G0	NOT_RUN			
frontend/js/config/appVersion.js	abbe10ef5a18eaf59a2393999b2b1167bfe62f5c68de1c07deaed6757e42ca64	9192	173	AUTHORED_CODE	WP12		FULL_CONTENT_AND_CALL_CHAIN	UNREVIEWED	AS_RISK_REQUIRES_AFTER_G0	NOT_RUN			
frontend/js/core/AdaptiveUploadQueue.js	9e0ae3ba8f703dc1782dd44913539bf39e4dba1bede5ac34207468f824536385	11449	305	AUTHORED_CODE	WP04		FULL_CONTENT_AND_CALL_CHAIN	UNREVIEWED	AS_RISK_REQUIRES_AFTER_G0	NOT_RUN			
frontend/js/core/Auth.js	9699f24719838bbd37fa52917e146cb3cfd96ba20cc0dc5d0e1514e068a8300e	2456	52	AUTHORED_CODE	WP02		FULL_CONTENT_AND_CALL_CHAIN	UNREVIEWED	AS_RISK_REQUIRES_AFTER_G0	NOT_RUN			
frontend/js/core/Router.js	eacc1026449736da1cc01cab2461258db8a850c77e0c13a22dc654de65e842e0	21182	553	AUTHORED_CODE	WP12	WP02,WP09	FULL_CONTENT_AND_CALL_CHAIN	UNREVIEWED	AS_RISK_REQUIRES_AFTER_G0	NOT_RUN			
frontend/js/core/Storage.js	9cd4dfbb79103d88cb5736347a1e77accb686ef1d6635f35f0fd8299020b70f2	69734	1506	AUTHORED_CODE	WP04	WP02,WP05,WP06	FULL_CONTENT_AND_CALL_CHAIN	UNREVIEWED	AS_RISK_REQUIRES_AFTER_G0	NOT_RUN			
frontend/js/core/SyncScope.js	c3168f1f68fddc16dc9686a587b45c0f34e1df047a857ed884ee149aab3bec5c	10700	228	AUTHORED_CODE	WP04		FULL_CONTENT_AND_CALL_CHAIN	UNREVIEWED	AS_RISK_REQUIRES_AFTER_G0	NOT_RUN			
frontend/js/core/SyncStateMachine.js	c1ebdf059b0fe98118b39c6f2a5eaad920774d315452b12b930545e78faae6aa	10338	183	AUTHORED_CODE	WP04		FULL_CONTENT_AND_CALL_CHAIN	UNREVIEWED	AS_RISK_REQUIRES_AFTER_G0	NOT_RUN			
frontend/js/core/conclusionVerdict.js	ecbfefea08ea1dbdbbfdd9f4deab35ece6fee46e9a67b3cecce8745b7fd603f8	3495	83	AUTHORED_CODE	WP05		FULL_CONTENT_AND_CALL_CHAIN	UNREVIEWED	AS_RISK_REQUIRES_AFTER_G0	NOT_RUN			
frontend/js/core/domSafe.js	aa30eb9eabadca3786582c41eb3182d8d93b7c3af95ba3ed58945dda6cdc4422	8023	180	AUTHORED_CODE	WP12	WP05,WP09,WP10	FULL_CONTENT_AND_CALL_CHAIN	UNREVIEWED	AS_RISK_REQUIRES_AFTER_G0	NOT_RUN			
frontend/js/main.js	4d9eb83391ec3a2b5ae1efebe0663731069b017e9979b8633c9985993e9b493e	24688	483	AUTHORED_CODE	WP12	WP02,WP04,WP05,WP09	FULL_CONTENT_AND_CALL_CHAIN	UNREVIEWED	AS_RISK_REQUIRES_AFTER_G0	NOT_RUN			
frontend/js/modules/AuditLog.js	1d9117f272509437db55730ffeed2016f7c8f7ef25507534ab0eb2e82413432f	33844	682	AUTHORED_CODE	WP10		FULL_CONTENT_AND_CALL_CHAIN	UNREVIEWED	AS_RISK_REQUIRES_AFTER_G0	NOT_RUN			
frontend/js/modules/BackupRestore.js	c8de440839d35b0ce1376c1195588eb0410ba520895e4658a1ac7f525d9353a4	29690	524	AUTHORED_CODE	WP07		FULL_CONTENT_AND_CALL_CHAIN	UNREVIEWED	AS_RISK_REQUIRES_AFTER_G0	NOT_RUN			
frontend/js/modules/Dashboard.js	e31a5cad00ea42078d054f889f7638269b1262641f9704303449bd42aba351fd	91961	1909	AUTHORED_CODE	WP05		FULL_CONTENT_AND_CALL_CHAIN	UNREVIEWED	AS_RISK_REQUIRES_AFTER_G0	NOT_RUN			
frontend/js/modules/Feedback.js	1b0aa1cf7a6b400e74f4a2a8b7034997b5f5fb695842f644bff68b83745770a5	7243	182	AUTHORED_CODE	WP10		FULL_CONTENT_AND_CALL_CHAIN	UNREVIEWED	AS_RISK_REQUIRES_AFTER_G0	NOT_RUN			
frontend/js/modules/FrequencyModule.js	70862bc0c2df6644a3184f04e252c687ff4e67225fd619de432560f8080fe975	22696	407	AUTHORED_CODE	WP05		FULL_CONTENT_AND_CALL_CHAIN	UNREVIEWED	AS_RISK_REQUIRES_AFTER_G0	NOT_RUN			
frontend/js/modules/GenericTest.js	2ac0d837662e7ea8ca792f822b2e30e1dd1f46dc0ceec1c798f5e809d815bbc9	74346	1421	AUTHORED_CODE	WP05		FULL_CONTENT_AND_CALL_CHAIN	UNREVIEWED	AS_RISK_REQUIRES_AFTER_G0	NOT_RUN			
frontend/js/modules/GuestDashboard.js	29f44347a07e6a7229f9eda5482b4ec4569e67a0abc355094af4cda0d6e45c0a	15585	322	AUTHORED_CODE	WP05		FULL_CONTENT_AND_CALL_CHAIN	UNREVIEWED	AS_RISK_REQUIRES_AFTER_G0	NOT_RUN			
frontend/js/modules/Pathogen.js	c07d985997686d12ede512216b9b70398bbd31fbef32b182b4f2a99e1dc97fbb	89147	1785	AUTHORED_CODE	WP05		FULL_CONTENT_AND_CALL_CHAIN	UNREVIEWED	AS_RISK_REQUIRES_AFTER_G0	NOT_RUN			
frontend/js/modules/SuperAdminAccount.js	f446df759b881e0a3a5716bfa0a5c14a5b28914558f165697e408bf2ca0138c7	13794	281	AUTHORED_CODE	WP02		FULL_CONTENT_AND_CALL_CHAIN	UNREVIEWED	AS_RISK_REQUIRES_AFTER_G0	NOT_RUN			
frontend/js/modules/Tableware.js	ea72e933871636f382cbaab91dfa5184fb643145e81f66748f38105800dd579b	85705	1699	AUTHORED_CODE	WP05		FULL_CONTENT_AND_CALL_CHAIN	UNREVIEWED	AS_RISK_REQUIRES_AFTER_G0	NOT_RUN			
frontend/js/modules/UserManagement.js	9c64c556309f8c81668701cf99b9f6168bf37099f5676113dec72f49832e2cd1	34396	697	AUTHORED_CODE	WP09		FULL_CONTENT_AND_CALL_CHAIN	UNREVIEWED	AS_RISK_REQUIRES_AFTER_G0	NOT_RUN			
frontend/js/modules/adminSchools/adminTheme.js	9c60069dfd74800ab82e93caf74c7111a4795aaefcf5b883c3017d3eed5dd285	3492	72	AUTHORED_CODE	WP09		FULL_CONTENT_AND_CALL_CHAIN	UNREVIEWED	AS_RISK_REQUIRES_AFTER_G0	NOT_RUN			
frontend/js/modules/adminSchools/components/tablePager.js	fc7a2893dba23bb47a96db75679005a1278ed2cdf0668c57d06c31af123d1a7a	8605	207	AUTHORED_CODE	WP09		FULL_CONTENT_AND_CALL_CHAIN	UNREVIEWED	AS_RISK_REQUIRES_AFTER_G0	NOT_RUN			
frontend/js/modules/adminSchools/context.js	358082c68c5f5860cbf3a566d9fbfd8ccec17025493db64f7f0a7461fa1a3dad	1928	47	AUTHORED_CODE	WP09		FULL_CONTENT_AND_CALL_CHAIN	UNREVIEWED	AS_RISK_REQUIRES_AFTER_G0	NOT_RUN			
frontend/js/modules/adminSchools/customization/fieldList.js	384f11b2b306657934339147e333336fa7b7a73dc445749976e2b3e8b2ec5c9e	14835	249	AUTHORED_CODE	WP09		FULL_CONTENT_AND_CALL_CHAIN	UNREVIEWED	AS_RISK_REQUIRES_AFTER_G0	NOT_RUN			
frontend/js/modules/adminSchools/customization/loadSave.js	f10107b3c22f9a7663df113aa341a9b21c50e6b749b0f7aab3e7402220ac9206	19728	360	AUTHORED_CODE	WP09		FULL_CONTENT_AND_CALL_CHAIN	UNREVIEWED	AS_RISK_REQUIRES_AFTER_G0	NOT_RUN			
frontend/js/modules/adminSchools/customization/moduleFields.js	48ef75d75c768fba758d89f64997fd51685e919e31af2ccf25462caa5066eaff	7856	115	AUTHORED_CODE	WP09		FULL_CONTENT_AND_CALL_CHAIN	UNREVIEWED	AS_RISK_REQUIRES_AFTER_G0	NOT_RUN			
frontend/js/modules/adminSchools/customization/popovers.js	bdb1fc667eba43589438d7f022606f6e822e3283b60c09b1db5571bcdceb0b46	29220	523	AUTHORED_CODE	WP09		FULL_CONTENT_AND_CALL_CHAIN	UNREVIEWED	AS_RISK_REQUIRES_AFTER_G0	NOT_RUN			
frontend/js/modules/adminSchools/customization/store.js	09d70e401635247b2f2b7aefab5cb428ecf9729d815e4ec663554f2234780e9b	3809	69	AUTHORED_CODE	WP09		FULL_CONTENT_AND_CALL_CHAIN	UNREVIEWED	AS_RISK_REQUIRES_AFTER_G0	NOT_RUN			
frontend/js/modules/adminSchools/preview.js	0701d8cfde1e106e3ddddbc9061cc0d15cf410cd0fffb28c61b439f2c3b4a5a6	11060	209	AUTHORED_CODE	WP09		FULL_CONTENT_AND_CALL_CHAIN	UNREVIEWED	AS_RISK_REQUIRES_AFTER_G0	NOT_RUN			
frontend/js/modules/adminSchools/sessionBadge.js	e51dffba6b43ef842fa64830646e5a0f1a74ba891a911d04c5af79cc68c42945	5817	116	AUTHORED_CODE	WP09		FULL_CONTENT_AND_CALL_CHAIN	UNREVIEWED	AS_RISK_REQUIRES_AFTER_G0	NOT_RUN			
frontend/js/modules/adminSchools/sidebar.js	9586a0c75d1fabdb404d87391452e38c24c440421654027b7083092ae5148a6f	18103	368	AUTHORED_CODE	WP09		FULL_CONTENT_AND_CALL_CHAIN	UNREVIEWED	AS_RISK_REQUIRES_AFTER_G0	NOT_RUN			
frontend/js/modules/adminSchools/ui.js	3d4b75a37ae1b0594b9fda92911ddeb5ead7b44ec391608a76364e70886d0038	956	22	AUTHORED_CODE	WP09		FULL_CONTENT_AND_CALL_CHAIN	UNREVIEWED	AS_RISK_REQUIRES_AFTER_G0	NOT_RUN			
frontend/js/modules/adminSchools/views/accountsView.js	76873b9df89317befd59b01fd35b1cd535c325f6b78a779326d85cb63360029e	21179	351	AUTHORED_CODE	WP09		FULL_CONTENT_AND_CALL_CHAIN	UNREVIEWED	AS_RISK_REQUIRES_AFTER_G0	NOT_RUN			
frontend/js/modules/adminSchools/views/auditView.js	0d570442939cecbf31c37300bf179ff2f6354a0283fd911f5e4daac722cd36a3	43565	857	AUTHORED_CODE	WP10		FULL_CONTENT_AND_CALL_CHAIN	UNREVIEWED	AS_RISK_REQUIRES_AFTER_G0	NOT_RUN			
frontend/js/modules/adminSchools/views/backupView.js	bb309fb854c32cd7abff810b8965dbeaf71f3d3d8bad6fa9b62facd8aaa998f1	70409	1413	AUTHORED_CODE	WP07		FULL_CONTENT_AND_CALL_CHAIN	UNREVIEWED	AS_RISK_REQUIRES_AFTER_G0	NOT_RUN			
frontend/js/modules/adminSchools/views/diskView.js	db387e68efc55e89327645c3a26b41bf04268ca7d426ae61bf1ce0410c94e18b	40750	647	AUTHORED_CODE	WP07		FULL_CONTENT_AND_CALL_CHAIN	UNREVIEWED	AS_RISK_REQUIRES_AFTER_G0	NOT_RUN			
frontend/js/modules/adminSchools/views/friendlyLinksView.js	a689cdb0a8772918500389669e21966399826611c0296b1dee381f9ff917fec4	40687	683	AUTHORED_CODE	WP09		FULL_CONTENT_AND_CALL_CHAIN	UNREVIEWED	AS_RISK_REQUIRES_AFTER_G0	NOT_RUN			
frontend/js/modules/adminSchools/views/kpiPoller.js	6b874bb1022951f15de70d5ae464068288d9d2b7b5f9fb21595235cb9715d396	3247	62	AUTHORED_CODE	WP09		FULL_CONTENT_AND_CALL_CHAIN	UNREVIEWED	AS_RISK_REQUIRES_AFTER_G0	NOT_RUN			
frontend/js/modules/adminSchools/views/openApiView.js	bd99a08254df68c1c509a9116986f9f884c67a78d5683d67be542ad0cf851fea	71144	1078	AUTHORED_CODE	WP06		FULL_CONTENT_AND_CALL_CHAIN	UNREVIEWED	AS_RISK_REQUIRES_AFTER_G0	NOT_RUN			
frontend/js/modules/adminSchools/views/schoolCreateView.js	81b27b8b793b150e76e60978fb5c5a53cec35939d2fb6fcae06b8341e778ce4e	3407	68	AUTHORED_CODE	WP09		FULL_CONTENT_AND_CALL_CHAIN	UNREVIEWED	AS_RISK_REQUIRES_AFTER_G0	NOT_RUN			
frontend/js/modules/adminSchools/views/schoolDetailView.js	44e0d173204a483d6ae6488d94614d634d5cce693a947afd00ee48230ff9c1af	21790	443	AUTHORED_CODE	WP09		FULL_CONTENT_AND_CALL_CHAIN	UNREVIEWED	AS_RISK_REQUIRES_AFTER_G0	NOT_RUN			
frontend/js/modules/adminSchools/views/schoolUsersView.js	c283f077d4297871a89877c79fd8ed655f0cf10753537460ea4983b328f2d148	17496	323	AUTHORED_CODE	WP09		FULL_CONTENT_AND_CALL_CHAIN	UNREVIEWED	AS_RISK_REQUIRES_AFTER_G0	NOT_RUN			
frontend/js/modules/adminSchools/views/schoolsListView.js	709892b76773d9cac4a569abc97264795d3584251638b3ce03fd015fe86779c7	25029	399	AUTHORED_CODE	WP09		FULL_CONTENT_AND_CALL_CHAIN	UNREVIEWED	AS_RISK_REQUIRES_AFTER_G0	NOT_RUN			
frontend/js/modules/adminSchools/views/testReports/issuesView.js	3ffb0ff96ebde98b96374c3a866a96e204bf301172f596c4cbd63a40bfafac3c	15357	274	AUTHORED_CODE	WP10		FULL_CONTENT_AND_CALL_CHAIN	UNREVIEWED	AS_RISK_REQUIRES_AFTER_G0	NOT_RUN			
frontend/js/modules/adminSchools/views/testReports/listView.js	6ac42502eaa1f118e7ec95bd238d0d2f4737b0d80dccebee319a3b0da02c9ffb	12740	224	AUTHORED_CODE	WP10		FULL_CONTENT_AND_CALL_CHAIN	UNREVIEWED	AS_RISK_REQUIRES_AFTER_G0	NOT_RUN			
frontend/js/modules/adminSchools/views/testReports/shared.js	59432d71932c664758b00e7717d5c8179cb681ece35bfec937a9e9557ff57757	4349	90	AUTHORED_CODE	WP10		FULL_CONTENT_AND_CALL_CHAIN	UNREVIEWED	AS_RISK_REQUIRES_AFTER_G0	NOT_RUN			
frontend/js/modules/adminSchools/views/testReports/tasksView.js	b6538cf3bd99e734e4627994e4ed8154d7c426551193b26f882f4ae6058f0190	16989	333	AUTHORED_CODE	WP10		FULL_CONTENT_AND_CALL_CHAIN	UNREVIEWED	AS_RISK_REQUIRES_AFTER_G0	NOT_RUN			
frontend/js/modules/adminSchools/visualEdit.js	1457a8c7c9ad65a5b275325ac843144e63a212d12505170ef43fa23e652c42bb	23136	428	AUTHORED_CODE	WP09		FULL_CONTENT_AND_CALL_CHAIN	UNREVIEWED	AS_RISK_REQUIRES_AFTER_G0	NOT_RUN			
frontend/js/modules/backupManager.js	47002357b77cf0aabf5a08da2e892e529d6fda015d94e44a579a523f5349bfc7	20757	414	AUTHORED_CODE	WP07		FULL_CONTENT_AND_CALL_CHAIN	UNREVIEWED	AS_RISK_REQUIRES_AFTER_G0	NOT_RUN			
frontend/js/modules/detergentDemo.js	167756fecd3063cb4d830d8ac5a63b18b66ae14a8414654f3bf72e0e1b02ae5b	56771	1351	AUTHORED_CODE	WP11		FULL_CONTENT_AND_CALL_CHAIN	UNREVIEWED	AS_RISK_REQUIRES_AFTER_G0	NOT_RUN			
frontend/js/modules/helpPage.js	365e3554127dc6c05a9a73951f064c0d41d184721b03d6504f01a7bac4e70ed6	12870	244	AUTHORED_CODE	WP12		FULL_CONTENT_AND_CALL_CHAIN	UNREVIEWED	AS_RISK_REQUIRES_AFTER_G0	NOT_RUN			
frontend/js/modules/loginPage.js	c6670bafa58fa8f4338751775b1515c584a8ad1b1370e5bbad99453df0e21b91	39671	794	AUTHORED_CODE	WP02		FULL_CONTENT_AND_CALL_CHAIN	UNREVIEWED	AS_RISK_REQUIRES_AFTER_G0	NOT_RUN			
frontend/js/modules/loginStyleDesigner.js	0588844ff33ed319d6425a00a304a8e1a3d6c2b99ee5392c7402b2095d5ae543	28244	645	AUTHORED_CODE	WP09		FULL_CONTENT_AND_CALL_CHAIN	UNREVIEWED	AS_RISK_REQUIRES_AFTER_G0	NOT_RUN			
frontend/js/modules/quickAccess.js	618ca5c9f0b9ec7dafb0e2a8d8cc8965fe43b8104ccbaf6253070076e2cc6a92	2818	65	AUTHORED_CODE	WP02		FULL_CONTENT_AND_CALL_CHAIN	UNREVIEWED	AS_RISK_REQUIRES_AFTER_G0	NOT_RUN			
frontend/js/modules/registry.js	1a35a4c5c77f49f82e5ea1eb459b110bf3c49feeb1f14335b8b48a368a1de215	6015	123	AUTHORED_CODE	WP12		FULL_CONTENT_AND_CALL_CHAIN	UNREVIEWED	AS_RISK_REQUIRES_AFTER_G0	NOT_RUN			
frontend/js/modules/superAdminLoginPage.js	07fab1189dc1051a51a5eaba3b3fb42751e93fe9d8e9953c884c180f5381b926	12565	253	AUTHORED_CODE	WP02		FULL_CONTENT_AND_CALL_CHAIN	UNREVIEWED	AS_RISK_REQUIRES_AFTER_G0	NOT_RUN			
frontend/js/opencv/recognizer.js	a0932afd106b9c3bce3f3229234ab6eee152e6d75d5ce051a4fc769784b294bd	39261	852	AUTHORED_CODE	WP11	WP01,WP05,WP12,WP15	FULL_CONTENT_AND_CALL_CHAIN	UNREVIEWED	AS_RISK_REQUIRES_AFTER_G0	NOT_RUN			
frontend/js/services/AuditService.js	b8cffc580e370a09e9df1b8a923bcf99276bad3ecb043d94929cdd54c0dc44e2	8827	209	AUTHORED_CODE	WP10		FULL_CONTENT_AND_CALL_CHAIN	UNREVIEWED	AS_RISK_REQUIRES_AFTER_G0	NOT_RUN			
frontend/js/services/AuthService.js	f2dc84e5772f86625a3ab6a654db23a6b4b02fd97e96b5ba49f5c19b972e040e	63379	1342	AUTHORED_CODE	WP02		FULL_CONTENT_AND_CALL_CHAIN	UNREVIEWED	AS_RISK_REQUIRES_AFTER_G0	NOT_RUN			
frontend/js/services/ExportService.js	455fb622a77b531504a2282f680720273b8026d90efd7fd18116833135a23cc0	68055	1376	AUTHORED_CODE	WP06	WP04,WP05,WP12	FULL_CONTENT_AND_CALL_CHAIN	UNREVIEWED	AS_RISK_REQUIRES_AFTER_G0	NOT_RUN			
frontend/js/services/GuestAuthService.js	658cdde0f1710e770312b2563b73192c89c5b2897388843503d44693ef2bc431	7271	196	AUTHORED_CODE	WP02		FULL_CONTENT_AND_CALL_CHAIN	UNREVIEWED	AS_RISK_REQUIRES_AFTER_G0	NOT_RUN			
frontend/js/services/PermissionService.js	c3b6ad8ddd07967c69282aa6ec7470058b104cf0bd74f966e5b92d38d8828eee	9870	265	AUTHORED_CODE	WP02		FULL_CONTENT_AND_CALL_CHAIN	UNREVIEWED	AS_RISK_REQUIRES_AFTER_G0	NOT_RUN			
frontend/js/services/SessionManager.js	d713c26e6bf0a0e0168797c2a75c24a383d527b2785338a904aff20451689989	13222	385	AUTHORED_CODE	WP02		FULL_CONTENT_AND_CALL_CHAIN	UNREVIEWED	AS_RISK_REQUIRES_AFTER_G0	NOT_RUN			
frontend/js/utils/AuditLogger.js	a9d4eebb88b7a3b3f390c5afca15c09eaf1e7ccf3dc924e00384727d4ea8018d	3990	104	AUTHORED_CODE	WP10		FULL_CONTENT_AND_CALL_CHAIN	UNREVIEWED	AS_RISK_REQUIRES_AFTER_G0	NOT_RUN			
frontend/js/utils/FormValidator.js	cfa4cef03c0ff076a99e95461c1330184bd775b7060c5283c80a420f5f74abb2	8400	239	AUTHORED_CODE	WP12	WP04,WP05,WP09	FULL_CONTENT_AND_CALL_CHAIN	UNREVIEWED	AS_RISK_REQUIRES_AFTER_G0	NOT_RUN			
frontend/js/utils/NetworkHelper.js	bfe7bb58b17233964dfd3f1533d72b195cc6663d606f40111d7c21f7a681cf15	6872	207	AUTHORED_CODE	WP12		FULL_CONTENT_AND_CALL_CHAIN	UNREVIEWED	AS_RISK_REQUIRES_AFTER_G0	NOT_RUN			
frontend/js/utils/SampleDataGenerator.js	fb2c3dd836a2a75628fccafa6278629a0cbd02a8a19103b3bfe2cdf8a4dec3ff	10846	270	AUTHORED_CODE	WP05		FULL_CONTENT_AND_CALL_CHAIN	UNREVIEWED	AS_RISK_REQUIRES_AFTER_G0	NOT_RUN			
frontend/js/utils/UIHelper.js	f17672a8f7ef8f8bb6508ac0fdce45c199c908c52c86d1abe336d05962336913	2394	58	AUTHORED_CODE	WP12		FULL_CONTENT_AND_CALL_CHAIN	UNREVIEWED	AS_RISK_REQUIRES_AFTER_G0	NOT_RUN			
frontend/js/utils/UINotification.js	ddd699398d722ed3c0625a23f1953f2e8cc4dbb3f3b4f43f0f8935aa221a65f8	10493	298	AUTHORED_CODE	WP12		FULL_CONTENT_AND_CALL_CHAIN	UNREVIEWED	AS_RISK_REQUIRES_AFTER_G0	NOT_RUN			
frontend/js/utils/dateUtil.js	5085d908c12b4e77b735b9625c8f25040a975c765d4aedb66261cc0c2167c6e5	2282	64	AUTHORED_CODE	WP05		FULL_CONTENT_AND_CALL_CHAIN	UNREVIEWED	AS_RISK_REQUIRES_AFTER_G0	NOT_RUN			
frontend/js/utils/embed.js	a87843aac8cf5331be997aebfc55406b0c99fcbfa3901c7f2ebfdf4da0825dff	1357	38	AUTHORED_CODE	WP11	WP12	FULL_CONTENT_AND_CALL_CHAIN	UNREVIEWED	AS_RISK_REQUIRES_AFTER_G0	NOT_RUN			
frontend/js/utils/fieldMasking.js	53dc0adc3ad3cbe2e4f4e85ab5888e36e380d99b30b28919cceee78ed03a5c9d	6236	151	AUTHORED_CODE	WP12	WP05,WP06	FULL_CONTENT_AND_CALL_CHAIN	UNREVIEWED	AS_RISK_REQUIRES_AFTER_G0	NOT_RUN			
frontend/js/utils/logSilencer.js	4eed19854270766a5878184d694fa4f41c4aecddc26c629f087db59037078339	2419	49	AUTHORED_CODE	WP12		FULL_CONTENT_AND_CALL_CHAIN	UNREVIEWED	AS_RISK_REQUIRES_AFTER_G0	NOT_RUN			
frontend/js/utils/pathogenRisk.js	625ca57ecc54024869a4347997f8a4adb2acc0a4c2cd7418e72553cf5743b497	3246	92	AUTHORED_CODE	WP05		FULL_CONTENT_AND_CALL_CHAIN	UNREVIEWED	AS_RISK_REQUIRES_AFTER_G0	NOT_RUN			
frontend/js/utils/schoolCode.js	60e7ed2098aa921ca61daf64aa079e8ef1d21bbf6288fdfebdf32b7733bb230a	4438	69	AUTHORED_CODE	WP12	WP02,WP03	FULL_CONTENT_AND_CALL_CHAIN	UNREVIEWED	AS_RISK_REQUIRES_AFTER_G0	NOT_RUN			
frontend/js/utils/schoolCustomization.js	daa3486d9ab61c82cb433c172ab027ad8f65b778251222c282a58f3547ce9f50	3972	111	AUTHORED_CODE	WP09		FULL_CONTENT_AND_CALL_CHAIN	UNREVIEWED	AS_RISK_REQUIRES_AFTER_G0	NOT_RUN			
frontend/js/utils/schoolCustomization/badgeEditor.js	ed2b49e50a95646c9fb7d357e67acb7b04a420884146d0b58fa1acf1b9518977	29019	527	AUTHORED_CODE	WP09		FULL_CONTENT_AND_CALL_CHAIN	UNREVIEWED	AS_RISK_REQUIRES_AFTER_G0	NOT_RUN			
frontend/js/utils/schoolCustomization/branding.js	cb0ca7aa48d257d81481f9add583482964e2a7fc5b836e5f8d8f7f9272e0e307	12909	278	AUTHORED_CODE	WP09		FULL_CONTENT_AND_CALL_CHAIN	UNREVIEWED	AS_RISK_REQUIRES_AFTER_G0	NOT_RUN			
frontend/js/utils/schoolCustomization/cache.js	e94513e5cbb9066830947a91f89c2451700ac1a5af8c7f3f9e87c6f5254f68f9	12399	269	AUTHORED_CODE	WP09		FULL_CONTENT_AND_CALL_CHAIN	UNREVIEWED	AS_RISK_REQUIRES_AFTER_G0	NOT_RUN			
frontend/js/utils/schoolCustomization/fields.js	900b4b7e4475208bd15f50269fadb3c1dc9ff7b0cbb29e582dcc4f0ba3eb7506	22514	486	AUTHORED_CODE	WP09	WP04,WP05,WP12	FULL_CONTENT_AND_CALL_CHAIN	UNREVIEWED	AS_RISK_REQUIRES_AFTER_G0	NOT_RUN			
frontend/js/utils/schoolCustomization/shared.js	fee7411bd584dd26fdd57a21abc6dcd2ec2a5805a451f439a49b7fa229cf3490	2062	49	AUTHORED_CODE	WP09		FULL_CONTENT_AND_CALL_CHAIN	UNREVIEWED	AS_RISK_REQUIRES_AFTER_G0	NOT_RUN			
frontend/js/utils/schoolCustomization/visible.js	51a608d121ed83fef77edb16a87bc09ad1d891d6c71dfbaa2ac8f2db2496383f	4964	105	AUTHORED_CODE	WP09		FULL_CONTENT_AND_CALL_CHAIN	UNREVIEWED	AS_RISK_REQUIRES_AFTER_G0	NOT_RUN			
frontend/js/utils/syntheticDetergent.js	f99ccf946a3f517ae295e85404b2f7c8114b02fb802be21348ee9190dd6b6cb1	6238	149	AUTHORED_CODE	WP11		FULL_CONTENT_AND_CALL_CHAIN	UNREVIEWED	AS_RISK_REQUIRES_AFTER_G0	NOT_RUN			
frontend/js/utils/themePresets.js	ff15a240110088172c8ae88578f916dc9979b819d1e3951837f0c3142c91ad0b	9972	284	AUTHORED_CODE	WP09		FULL_CONTENT_AND_CALL_CHAIN	UNREVIEWED	AS_RISK_REQUIRES_AFTER_G0	NOT_RUN			
frontend/pages/admin-schools.html	b8e4533b4534d6f9b4be21715427b34ca7c9c0953ef8d5a10b605c467b0687f2	152333	1912	HTML_TEMPLATE	WP12	WP02,WP09,WP10	FULL_CONTENT_AND_CALL_CHAIN	UNREVIEWED	AS_RISK_REQUIRES_AFTER_G0	NOT_RUN			
frontend/pages/help.html	5ef0b4d61c8458b3faf29bbbe87658a06638bc272fa506c599e96ac1109c310a	21045	343	HTML_TEMPLATE	WP12		FULL_CONTENT_AND_CALL_CHAIN	UNREVIEWED	AS_RISK_REQUIRES_AFTER_G0	NOT_RUN			
frontend/pages/index.html	21ae02ed6d55eb71be0774f4d67211731c968861f713008f1ba2bab3d1ab8de9	52040	819	HTML_TEMPLATE	WP12	WP02,WP04,WP05	FULL_CONTENT_AND_CALL_CHAIN	UNREVIEWED	AS_RISK_REQUIRES_AFTER_G0	NOT_RUN			
frontend/pages/login.html	a66774314264fe9fac33a9850132eab64ea942ae6bc273afe056c68d0eacb3fd	21481	478	HTML_TEMPLATE	WP12	WP02,WP09	FULL_CONTENT_AND_CALL_CHAIN	UNREVIEWED	AS_RISK_REQUIRES_AFTER_G0	NOT_RUN			
frontend/pages/super-admin-login.html	1f8d382f5a9d81b94518330fa8432d0e450c86559cf7beb6a4f4665d5d2b0b9d	7297	122	HTML_TEMPLATE	WP12	WP02	FULL_CONTENT_AND_CALL_CHAIN	UNREVIEWED	AS_RISK_REQUIRES_AFTER_G0	NOT_RUN			
frontend/vendor/js/chart.min.js	e9b0f875106021fb3d58120ad8ebdd3e7d32135a4452fd8918c72ac6475f2bd3	200632	1	THIRD_PARTY_RESOURCE	WP15		PROVENANCE_VERSION_LICENSE_AND_USAGE	UNREVIEWED	LOAD_OR_GENERATION_CHECK_AFTER_G0_IF_REQUIRED	NOT_RUN			
frontend/vendor/js/html2canvas.min.js	e87e550794322e574a1fda0c1549a3c70dae5a93d9113417a429016838eab8cb	198689	20	THIRD_PARTY_RESOURCE	WP15		PROVENANCE_VERSION_LICENSE_AND_USAGE	UNREVIEWED	LOAD_OR_GENERATION_CHECK_AFTER_G0_IF_REQUIRED	NOT_RUN			
frontend/vendor/js/jspdf.umd.min.js	98ccf17aa10c20bb1301762618fcc9b6ab3a4e7f26b6071d64d0b41154df3875	364463	398	THIRD_PARTY_RESOURCE	WP15		PROVENANCE_VERSION_LICENSE_AND_USAGE	UNREVIEWED	LOAD_OR_GENERATION_CHECK_AFTER_G0_IF_REQUIRED	NOT_RUN			
frontend/vendor/js/mammoth.browser.min.js	3602670e0cf145e4b270e3530033b780f9c081eb9ed9b2ad79e2f1e448921941	660208	21	THIRD_PARTY_RESOURCE	WP15		PROVENANCE_VERSION_LICENSE_AND_USAGE	UNREVIEWED	LOAD_OR_GENERATION_CHECK_AFTER_G0_IF_REQUIRED	NOT_RUN			
frontend/vendor/opencv/opencv.js	b873c8211421da7b9bf41ae157a923f05a46a0b8d3e5904c44c6f3ad6d39a1bd	13298869		THIRD_PARTY_RESOURCE	WP15		PROVENANCE_VERSION_LICENSE_AND_USAGE	UNREVIEWED	LOAD_OR_GENERATION_CHECK_AFTER_G0_IF_REQUIRED	NOT_RUN			
jest.config.cjs	7c262b16bef24a2765788007bcf42ff56bae086e35e0be87b475ea54d8ee02fa	3092	51	CONFIGURATION	WP13		FULL_CONTENT_AND_CALL_CHAIN	UNREVIEWED	AS_RISK_REQUIRES_AFTER_G0	NOT_RUN			
jest.db.config.cjs	b2649a012092c6879b4023ac99ece56ab31c7abb99611c829d98d4e0df4e4729	1285	33	CONFIGURATION	WP13		FULL_CONTENT_AND_CALL_CHAIN	UNREVIEWED	AS_RISK_REQUIRES_AFTER_G0	NOT_RUN			
jest.frontend.config.cjs	15b02970f24765d44a35d34402997ed521b1640f1916e06f2e73c28eb08d59d5	984	17	CONFIGURATION	WP13		FULL_CONTENT_AND_CALL_CHAIN	UNREVIEWED	AS_RISK_REQUIRES_AFTER_G0	NOT_RUN			
jest.unit.config.cjs	87482508dec19f3e2dffabd53700eb2ebe5c21cba544be5a091f05df28bc44e7	1547	34	CONFIGURATION	WP13		FULL_CONTENT_AND_CALL_CHAIN	UNREVIEWED	AS_RISK_REQUIRES_AFTER_G0	NOT_RUN			
package-lock.json	4de9f48d1bd042dd708d2596548c98638abaf1123bdd26f73bb0f13db43889a0	400929	11023	DEPENDENCY_LOCK	WP15		DEPENDENCY_GRAPH_INTEGRITY_AND_LIFECYCLE	UNREVIEWED	OFFICIAL_METADATA_AND_AUTHORIZED_SANDBOX_ONLY	NOT_RUN			
package.json	60d2c7f759c95e1162fac04bd69fa7b33cd40620fae3c48c06cf05c44395a6cf	2797	74	CONFIGURATION	WP15	WP01,WP13,WP14	FULL_CONTENT_AND_CALL_CHAIN	UNREVIEWED	AS_RISK_REQUIRES_AFTER_G0	NOT_RUN			
scripts/_PACKAGE_TYPE_REASON.md	24c289426deb664b2fbf6fa41806373b9a05a7b944fca43c2b0ec5fd5368a328	1046	21	DOCUMENTATION	WP14		DOCUMENT_CONTRACT_HISTORY_AND_OPERATIONAL_SAFETY	UNREVIEWED	NO_RUNTIME_CHECK_FOR_DOCUMENT_ITSELF	NOT_RUN			
scripts/backup-alert.sh	d5996ffc4d3d146ddbdeda310f26cde5282111280084b6a436761581a8744840	1301	32	BUILD_DEPLOY_OR_OPS_SCRIPT	WP14	WP07	FULL_CONTENT_AND_CALL_CHAIN	UNREVIEWED	AS_RISK_REQUIRES_AFTER_G0	NOT_RUN			
scripts/build-static.js	10e58249527851b7d37d48e9453581077ca084722af51135d82f547d9b113a11	6671	165	BUILD_DEPLOY_OR_OPS_SCRIPT	WP14	WP12,WP15	FULL_CONTENT_AND_CALL_CHAIN	UNREVIEWED	AS_RISK_REQUIRES_AFTER_G0	NOT_RUN			
scripts/disk-manage.sh	6304a6f8bd58a5b71a262a133a46f78cb63315ec65108416f2aaac3ee18a5b7a	1944	42	BUILD_DEPLOY_OR_OPS_SCRIPT	WP14	WP07	FULL_CONTENT_AND_CALL_CHAIN	UNREVIEWED	AS_RISK_REQUIRES_AFTER_G0	NOT_RUN			
scripts/disk-usage-alert.sh	d48705e8637c1628ea87d6161c3d0b127294b00a4b62d4b30f230775431d952f	2408	50	BUILD_DEPLOY_OR_OPS_SCRIPT	WP14		FULL_CONTENT_AND_CALL_CHAIN	UNREVIEWED	AS_RISK_REQUIRES_AFTER_G0	NOT_RUN			
scripts/import-backup.mjs	91ffdc52a235f6ffeaba04094e21270769c6254a6d95784e65eff44cb8f978b0	8380	221	BUILD_DEPLOY_OR_OPS_SCRIPT	WP14	WP03,WP07,WP08	FULL_CONTENT_AND_CALL_CHAIN	UNREVIEWED	AS_RISK_REQUIRES_AFTER_G0	NOT_RUN			
scripts/log-alert.sh	2375c1c53533ae1d5bf11cb542bbe63e8bfff8857ed285eba6bcc64f4236a61e	4373	105	BUILD_DEPLOY_OR_OPS_SCRIPT	WP14		FULL_CONTENT_AND_CALL_CHAIN	UNREVIEWED	AS_RISK_REQUIRES_AFTER_G0	NOT_RUN			
scripts/migrate-roles.mjs	067d5dc88f0d30a74b683761e786b73f42b7f917cd2eecb8279046bc2f0b197a	3599	112	BUILD_DEPLOY_OR_OPS_SCRIPT	WP14	WP03,WP08	FULL_CONTENT_AND_CALL_CHAIN	UNREVIEWED	AS_RISK_REQUIRES_AFTER_G0	NOT_RUN			
scripts/package.json	8005a3491db7d92f36ac66369861589f9c47123d3a7c71e643fc2c06168cd45a	25	3	CONFIGURATION	WP15		FULL_CONTENT_AND_CALL_CHAIN	UNREVIEWED	AS_RISK_REQUIRES_AFTER_G0	NOT_RUN			
scripts/provision-school.sh	41cccba3706134b62955decb4a05eb0179cc708d56fddf8c847ca1e1dad942c1	4331	93	BUILD_DEPLOY_OR_OPS_SCRIPT	WP14	WP03,WP08	FULL_CONTENT_AND_CALL_CHAIN	UNREVIEWED	AS_RISK_REQUIRES_AFTER_G0	NOT_RUN			
scripts/restart-school-backup-api.sh	e7b4ee1f69fc8dd7e0318e5469ecf42c765e09157bac60d0d2e25b893d86f945	5204	123	BUILD_DEPLOY_OR_OPS_SCRIPT	WP14	WP03,WP07,WP08	FULL_CONTENT_AND_CALL_CHAIN	UNREVIEWED	AS_RISK_REQUIRES_AFTER_G0	NOT_RUN			
scripts/setup-backup-kms.sh	6aa103bca954507bb56c8822144e73fa421f4f1ab40b1b4535b2e4511649f5af	12356	284	BUILD_DEPLOY_OR_OPS_SCRIPT	WP14	WP07	FULL_CONTENT_AND_CALL_CHAIN	UNREVIEWED	AS_RISK_REQUIRES_AFTER_G0	NOT_RUN			
tailwind.config.cjs	b390ddd13499bc65b8191a167551f64ab6bad7d92d9bb4026cb6cbd1a366fc7a	784	21	CONFIGURATION	WP14		FULL_CONTENT_AND_CALL_CHAIN	UNREVIEWED	AS_RISK_REQUIRES_AFTER_G0	NOT_RUN			
tests/auditUnificationRegression.test.js	96ef88c3d320dd5f9fb9a4fecf94c838bb6ae2c76a20a49b056408bd437f90d5	17984	371	TEST_AND_FIXTURE	WP13	WP10	FULL_CONTENT_AND_CALL_CHAIN	UNREVIEWED	AS_RISK_REQUIRES_AFTER_G0	NOT_RUN			
tests/auditUserFilter.test.js	734973a24b396870449b41f0a60d056da7cb8f9d65aa7c92359593d2f1ee9771	11986	253	TEST_AND_FIXTURE	WP13	WP10	FULL_CONTENT_AND_CALL_CHAIN	UNREVIEWED	AS_RISK_REQUIRES_AFTER_G0	NOT_RUN			
tests/authCrossTabRefresh.test.js	38fcd5dfe907976832df44a6f297a263bf319837cae1e609fc234b2cdb4dbff5	11939	230	TEST_AND_FIXTURE	WP13	WP02	FULL_CONTENT_AND_CALL_CHAIN	UNREVIEWED	AS_RISK_REQUIRES_AFTER_G0	NOT_RUN			
tests/authRecheckFailover.test.js	dfc334c872ca98247ee527ce7b59c4b62ce72883f07590cf02ba5a7b1bc048bc	9928	219	TEST_AND_FIXTURE	WP13	WP02	FULL_CONTENT_AND_CALL_CHAIN	UNREVIEWED	AS_RISK_REQUIRES_AFTER_G0	NOT_RUN			
tests/authRefreshFrontend.test.js	c3d60226473e259a49ef872a5cce847d7a591f9cf2f88c9be1ddd7a1997ef921	7967	195	TEST_AND_FIXTURE	WP13	WP02	FULL_CONTENT_AND_CALL_CHAIN	UNREVIEWED	AS_RISK_REQUIRES_AFTER_G0	NOT_RUN			
tests/authRoleSync.test.js	a8a9cd06ce2d79d98f2aeb445b751703879d865460d9ed3f1a5962bf69f13bab	3692	90	TEST_AND_FIXTURE	WP13	WP02,WP04	FULL_CONTENT_AND_CALL_CHAIN	UNREVIEWED	AS_RISK_REQUIRES_AFTER_G0	NOT_RUN			
tests/authSession.test.js	eed95b8b2d50fc5f538151876d2f7da36d9cfcdd150f0a0df5bf438c9d4e9cec	18221	368	TEST_AND_FIXTURE	WP13	WP02	FULL_CONTENT_AND_CALL_CHAIN	UNREVIEWED	AS_RISK_REQUIRES_AFTER_G0	NOT_RUN			
tests/backupKms.test.js	697ccf6667a16405022e688a4bc40550c91988c872de7cf23350843a8f400b9b	2710	64	TEST_AND_FIXTURE	WP13	WP07	FULL_CONTENT_AND_CALL_CHAIN	UNREVIEWED	AS_RISK_REQUIRES_AFTER_G0	NOT_RUN			
tests/extractSchemaSegment.test.js	babd94c6e12a9a4b7853b0df77284cbbabc62d623785095749b3639784678cea	15040	344	TEST_AND_FIXTURE	WP13		FULL_CONTENT_AND_CALL_CHAIN	UNREVIEWED	AS_RISK_REQUIRES_AFTER_G0	NOT_RUN			
tests/helpers/connection-observer.cjs	3ca8b2fc8d5f3358c39aeb31d8af0903eaa83baf1732f790ed68afced22be43c	1718	40	TEST_AND_FIXTURE	WP13		FULL_CONTENT_AND_CALL_CHAIN	UNREVIEWED	AS_RISK_REQUIRES_AFTER_G0	NOT_RUN			
tests/helpers/db-isolation-setup.cjs	0cb9b8f0e21b7059eb2376da8850b0a8c0fad1763ee88ff9b810b8fdcbd2d63c	1719	33	TEST_AND_FIXTURE	WP13		FULL_CONTENT_AND_CALL_CHAIN	UNREVIEWED	AS_RISK_REQUIRES_AFTER_G0	NOT_RUN			
tests/helpers/db-isolation.cjs	14c4b1db6d99ec14e588b6c205f609dd9e3721053a18ec8aea45495b8b62bf75	31655	591	TEST_AND_FIXTURE	WP13		FULL_CONTENT_AND_CALL_CHAIN	UNREVIEWED	AS_RISK_REQUIRES_AFTER_G0	NOT_RUN			
tests/helpers/db-isolation.js	720d941f2c85009a4abc30fca479e30f0417eb228d26912f15ba89e70d8e3c94	874	30	TEST_AND_FIXTURE	WP13		FULL_CONTENT_AND_CALL_CHAIN	UNREVIEWED	AS_RISK_REQUIRES_AFTER_G0	NOT_RUN			
tests/idempotencyConcurrency.test.js	a994801606970dec6b799f4b020d1a9f18c4668688852309d5a5a1a3a38b88eb	6841	152	TEST_AND_FIXTURE	WP13	WP04	FULL_CONTENT_AND_CALL_CHAIN	UNREVIEWED	AS_RISK_REQUIRES_AFTER_G0	NOT_RUN			
tests/integration/concurrency.test.js	ed3172277cb7b851077f0ebe9812899eb3b649dbd52eedd905da98de8fd671ec	31460	590	TEST_AND_FIXTURE	WP13		FULL_CONTENT_AND_CALL_CHAIN	UNREVIEWED	AS_RISK_REQUIRES_AFTER_G0	NOT_RUN			
tests/integration/jest.integration.config.cjs	0985b4d5f5dbb65b42b1a9609ee98082458de59f76e3b6bf756a7f0d50a16ed9	1595	33	TEST_AND_FIXTURE	WP13		FULL_CONTENT_AND_CALL_CHAIN	UNREVIEWED	AS_RISK_REQUIRES_AFTER_G0	NOT_RUN			
tests/integration/live-api.mjs	4724ba49c530d19fb0bf2695b2f65b6d157f6b25f554066405f76788075fad47	28479	481	TEST_AND_FIXTURE	WP13		FULL_CONTENT_AND_CALL_CHAIN	UNREVIEWED	AS_RISK_REQUIRES_AFTER_G0	NOT_RUN			
tests/integration/pg-bootstrap.js	b9125f7b1ec60f580759578439a1edec05dea6541971233733313e5eb35cf57e	5122	101	TEST_AND_FIXTURE	WP13		FULL_CONTENT_AND_CALL_CHAIN	UNREVIEWED	AS_RISK_REQUIRES_AFTER_G0	NOT_RUN			
tests/integration/roleAuditTrigger.test.js	51c76ab4d2dea90f9629b0937c9c6224d969ebd0a8a4f65b14a751180079dc2a	5378	119	TEST_AND_FIXTURE	WP13	WP02,WP10	FULL_CONTENT_AND_CALL_CHAIN	UNREVIEWED	AS_RISK_REQUIRES_AFTER_G0	NOT_RUN			
tests/isolation/entry-observer.test.cjs	64b6c3f0c11404815a1b544ee44d75deac99bc9a24820311c5c41993cdb64db0	5093	96	TEST_AND_FIXTURE	WP13		FULL_CONTENT_AND_CALL_CHAIN	UNREVIEWED	AS_RISK_REQUIRES_AFTER_G0	NOT_RUN			
tests/isolation/fixtures/residue-exit-probe.cjs	fff3194a3efce088845f4dbb1d2d859ee796cb96c48f49e966785729061fb756	1883	32	TEST_AND_FIXTURE	WP13	WP03	FULL_CONTENT_AND_CALL_CHAIN	UNREVIEWED	AS_RISK_REQUIRES_AFTER_G0	NOT_RUN			
tests/isolation/fixtures/t02b-r2-teardown-probe.cjs	9859c9b725f21b2756d2fb24c4c203bb1daf060667bf13c622d4882d64a14e93	2672	52	TEST_AND_FIXTURE	WP13	WP03	FULL_CONTENT_AND_CALL_CHAIN	UNREVIEWED	AS_RISK_REQUIRES_AFTER_G0	NOT_RUN			
tests/isolation/gate.unit.test.cjs	b49722d0be2279d3d4f517c547983c158ec158fe01fe2f6a27b385705bc48563	25996	367	TEST_AND_FIXTURE	WP13		FULL_CONTENT_AND_CALL_CHAIN	UNREVIEWED	AS_RISK_REQUIRES_AFTER_G0	NOT_RUN			
tests/isolation/jest.isolation.config.cjs	7b6dafb21e296e983f337022b111e77fc53ca234ed79e6c37f2daaef1224cfaf	461	12	TEST_AND_FIXTURE	WP13		FULL_CONTENT_AND_CALL_CHAIN	UNREVIEWED	AS_RISK_REQUIRES_AFTER_G0	NOT_RUN			
tests/isolation/lib/instance-finalizer.cjs	f55e80bb18eeeb741ff36297a7ac6168070daf319670fdaa4ada628c5aa334ce	2160	39	TEST_AND_FIXTURE	WP13		FULL_CONTENT_AND_CALL_CHAIN	UNREVIEWED	AS_RISK_REQUIRES_AFTER_G0	NOT_RUN			
tests/isolation/lib/net-observer-preload.cjs	dc9e25a0732daa5358b55c86cebe23acfe6de3f4e12ced63ed5be6bd14c35906	5145	100	TEST_AND_FIXTURE	WP13		FULL_CONTENT_AND_CALL_CHAIN	UNREVIEWED	AS_RISK_REQUIRES_AFTER_G0	NOT_RUN			
tests/isolation/lib/root-entry-runner.cjs	4cf4ee0835e5d9a171e41cab65f7d88cf39dabc8bd8dc0413b458a3b22495235	8256	142	TEST_AND_FIXTURE	WP13		FULL_CONTENT_AND_CALL_CHAIN	UNREVIEWED	AS_RISK_REQUIRES_AFTER_G0	NOT_RUN			
tests/isolation/lifecycle.test.cjs	a2a9c8321120dc5037626f49d5b11164e08a62a2af1975492dc7b4d21d3c3054	30860	548	TEST_AND_FIXTURE	WP13	WP03,WP08	FULL_CONTENT_AND_CALL_CHAIN	UNREVIEWED	AS_RISK_REQUIRES_AFTER_G0	NOT_RUN			
tests/isolation/live-probe.cjs	4503e55729a382693a8d983f4879fd254a0dd26086ac4003fba96080e2af8ac1	16403	235	TEST_AND_FIXTURE	WP13		FULL_CONTENT_AND_CALL_CHAIN	UNREVIEWED	AS_RISK_REQUIRES_AFTER_G0	NOT_RUN			
tests/isolation/provision.cjs	65fc0b343a9b9093cfbdb3e832770ec5e28651b76747e42969ce93f7313f3388	47105	773	TEST_AND_FIXTURE	WP13		FULL_CONTENT_AND_CALL_CHAIN	UNREVIEWED	AS_RISK_REQUIRES_AFTER_G0	NOT_RUN			
tests/isolation/t02b-root-fixture.cjs	10e496595496ea42017242eec638aea012a5f501c155759b5a067d0eb590cfaa	13701	209	TEST_AND_FIXTURE	WP13	WP03	FULL_CONTENT_AND_CALL_CHAIN	UNREVIEWED	AS_RISK_REQUIRES_AFTER_G0	NOT_RUN			
tests/isolation/t02b-root-gate.test.cjs	6230e547639610e81a5a64bac0683516165d545ca84e3ab65237c54231cf19b2	17360	320	TEST_AND_FIXTURE	WP13		FULL_CONTENT_AND_CALL_CHAIN	UNREVIEWED	AS_RISK_REQUIRES_AFTER_G0	NOT_RUN			
tests/p0ProvNoAdminInSchool.test.js	5bf433f4af2fe193590563cbe5791d08bdeb0c79676bbdbe8f2ad00c3c1df551	20597	388	TEST_AND_FIXTURE	WP13		FULL_CONTENT_AND_CALL_CHAIN	UNREVIEWED	AS_RISK_REQUIRES_AFTER_G0	NOT_RUN			
tests/refreshConcurrencyBackend.test.js	19e03d0eef7acc791b08258d20a9d63ad742b5694dd48181954e41bb98ab0538	12769	250	TEST_AND_FIXTURE	WP13	WP02	FULL_CONTENT_AND_CALL_CHAIN	UNREVIEWED	AS_RISK_REQUIRES_AFTER_G0	NOT_RUN			
tests/restoreSchemaRewrite.test.js	b1b32476c45446286c4795df375102ab62f17fc9b32a84fd4012651da4e4f47c	4795	91	TEST_AND_FIXTURE	WP13	WP07	FULL_CONTENT_AND_CALL_CHAIN	UNREVIEWED	AS_RISK_REQUIRES_AFTER_G0	NOT_RUN			
tests/roleAuthorization.test.js	ba4d0da8439adfd71e814b0db6d465a1f387de7fec254bd02f74456dcb92e74b	2818	77	TEST_AND_FIXTURE	WP13	WP02	FULL_CONTENT_AND_CALL_CHAIN	UNREVIEWED	AS_RISK_REQUIRES_AFTER_G0	NOT_RUN			
tests/roleMatrix.test.js	962ab2f6fc4b4befdf4c4dd1ad146d2582fafabda35a66ea418f943314cc7d73	5262	133	TEST_AND_FIXTURE	WP13	WP02	FULL_CONTENT_AND_CALL_CHAIN	UNREVIEWED	AS_RISK_REQUIRES_AFTER_G0	NOT_RUN			
tests/runners/audit-entry-coverage.mjs	dccf0a1814b7d8b26d719ba5bfbd5119164e7e29a3fe4c06cda9cf44acafe6fd	11774	173	TEST_AND_FIXTURE	WP13	WP10	FULL_CONTENT_AND_CALL_CHAIN	UNREVIEWED	AS_RISK_REQUIRES_AFTER_G0	NOT_RUN			
tests/runners/entry-sets.cjs	f8bb96a80ece75634a950409145dcac6d7329f04d11b4fefb2181dbda7b419b0	5495	107	TEST_AND_FIXTURE	WP13		FULL_CONTENT_AND_CALL_CHAIN	UNREVIEWED	AS_RISK_REQUIRES_AFTER_G0	NOT_RUN			
tests/runners/run-backend-tests.mjs	db9b990953da2fe9214867bf624ff60ed9fb83bed72f1eb36ad304cdf1c09bc4	2778	59	TEST_AND_FIXTURE	WP13		FULL_CONTENT_AND_CALL_CHAIN	UNREVIEWED	AS_RISK_REQUIRES_AFTER_G0	NOT_RUN			
tests/schoolCode.test.js	608058a64f361cad9eb1accfd8425155743dc6327d094d341bae152da2f53e6f	3376	69	TEST_AND_FIXTURE	WP13		FULL_CONTENT_AND_CALL_CHAIN	UNREVIEWED	AS_RISK_REQUIRES_AFTER_G0	NOT_RUN			
tests/securityAlerts.test.js	bac723fe261d1b23ab83e06f1b02427371eac08b9f3d4ab6b450903cb7d3d233	7489	161	TEST_AND_FIXTURE	WP13		FULL_CONTENT_AND_CALL_CHAIN	UNREVIEWED	AS_RISK_REQUIRES_AFTER_G0	NOT_RUN			
tests/securityGuards.test.js	8e7b3f9517f66a3c467d6b60a6b1c3b47f7119b1f5f6f2cb8d573981debf7f58	9852	199	TEST_AND_FIXTURE	WP13		FULL_CONTENT_AND_CALL_CHAIN	UNREVIEWED	AS_RISK_REQUIRES_AFTER_G0	NOT_RUN			
tests/securityRegression.test.js	b38fdfec40a2c67a445c076df0f1b37abaa0ec09719b03cf682bf4fe5a7eca0a	21059	431	TEST_AND_FIXTURE	WP13		FULL_CONTENT_AND_CALL_CHAIN	UNREVIEWED	AS_RISK_REQUIRES_AFTER_G0	NOT_RUN			
tests/setup-env.js	b825d67ce3b27f7299c863f3541a648777e7d36a94d909d79e169b65540582ef	614	15	TEST_AND_FIXTURE	WP13		FULL_CONTENT_AND_CALL_CHAIN	UNREVIEWED	AS_RISK_REQUIRES_AFTER_G0	NOT_RUN			
tests/smoke.test.js	ee3702b451f678500f6cef5ce932971b6618bf4c4bd3933b8f6c105e60a3326c	1079	29	TEST_AND_FIXTURE	WP13		FULL_CONTENT_AND_CALL_CHAIN	UNREVIEWED	AS_RISK_REQUIRES_AFTER_G0	NOT_RUN			
tests/storageApplyServerRecord.test.js	77ffaa982c619f2a25d823ddd171ff2a7bbb4456e7bdeb61f82dbca174d181fc	9435	168	TEST_AND_FIXTURE	WP13	WP04	FULL_CONTENT_AND_CALL_CHAIN	UNREVIEWED	AS_RISK_REQUIRES_AFTER_G0	NOT_RUN			
tests/storageDurabilityAndRace.test.js	d683b2ab015f2121422db7175b3f25667053867cfeb9d5e4629cfdf8a471c608	8092	159	TEST_AND_FIXTURE	WP13	WP04	FULL_CONTENT_AND_CALL_CHAIN	UNREVIEWED	AS_RISK_REQUIRES_AFTER_G0	NOT_RUN			
tests/storageForceServer.test.js	e4633330fa9620808326d69be83ae3ba2e1ea6c4e0944071098fd208b2c605e4	4174	90	TEST_AND_FIXTURE	WP13	WP04	FULL_CONTENT_AND_CALL_CHAIN	UNREVIEWED	AS_RISK_REQUIRES_AFTER_G0	NOT_RUN			
tests/superAdminRoutes.test.js	ed514adb1dd7f178927346eaa20067a515fb7db7898d045250675cc4dd6028a7	4762	130	TEST_AND_FIXTURE	WP13		FULL_CONTENT_AND_CALL_CHAIN	UNREVIEWED	AS_RISK_REQUIRES_AFTER_G0	NOT_RUN			
tests/uploadQueue409Recovery.test.js	7f7f28f2a25f935c28243c9c56e368ae3f1d2ecb56e71b980332cda46b60d200	5950	110	TEST_AND_FIXTURE	WP13	WP04	FULL_CONTENT_AND_CALL_CHAIN	UNREVIEWED	AS_RISK_REQUIRES_AFTER_G0	NOT_RUN			
tests/userLoginErrorMapping.test.js	cdd4076375d2ff8b11f013d47d4c839f5738fc670d9bbf948553bc4b1b5b628b	5100	118	TEST_AND_FIXTURE	WP13		FULL_CONTENT_AND_CALL_CHAIN	UNREVIEWED	AS_RISK_REQUIRES_AFTER_G0	NOT_RUN			
tests/w5OutputEncoding.test.js	189dbe8675357678ec3676ce6270c7f97ac9aa3425db13ba30639d8d14a2e551	10293	222	TEST_AND_FIXTURE	WP13	WP12	FULL_CONTENT_AND_CALL_CHAIN	UNREVIEWED	AS_RISK_REQUIRES_AFTER_G0	NOT_RUN			
tests/w5RecordContract.test.js	fb712cf7a880cd41a0895a73aca12e0bf9da423fc422c0f8adf9624d9a491a99	23953	443	TEST_AND_FIXTURE	WP13	WP04	FULL_CONTENT_AND_CALL_CHAIN	UNREVIEWED	AS_RISK_REQUIRES_AFTER_G0	NOT_RUN			
tests/window2AdminAudit.test.js	466440e938d39ca27c6633fb2a5304a9de72f6d758fd2d8bb450da38df217899	17599	374	TEST_AND_FIXTURE	WP13	WP10	FULL_CONTENT_AND_CALL_CHAIN	UNREVIEWED	AS_RISK_REQUIRES_AFTER_G0	NOT_RUN			
